candidate,selection_score,development_exposure,start,end,cagr,benchmark_cagr,cagr_delta,sharpe,benchmark_sharpe,sharpe_delta,maxdd,benchmark_maxdd,maxdd_improvement,terminal,benchmark_terminal
SOXX_RSI10_R5_H40_LSTOP12,0.0521618906,1.1940013870,2001-07-13,2012-12-31,-0.0147787396,-0.0218872241,0.0071084845,0.1758339772,0.1296199943,0.0462139829,-0.6974931946,-0.6949438280,-0.0025493666,0.8433301900,0.7762590240
SOXX_RSI5_R5_H30_LSTOP16,0.0488334125,1.1277739251,2001-07-13,2012-12-31,-0.0146591189,-0.0218872241,0.0072281052,0.1673496917,0.1296199943,0.0377296974,-0.6957092787,-0.6949438280,-0.0007654507,0.8445027645,0.7762590240
SOXX_RSI7_R5_H30_LSTOP12,0.0358021258,1.1412968100,2001-07-13,2012-12-31,-0.0158697670,-0.0218872241,0.0060174571,0.1663721857,0.1296199943,0.0367521914,-0.7014867540,-0.6949438280,-0.0065429260,0.8327038383,0.7762590240
SOXX_RSI10_R5_H50_LSTOP16,0.0304438672,1.2073509015,2001-07-13,2012-12-31,-0.0177737092,-0.0218872241,0.0041135149,0.1698158229,0.1296199943,0.0401958286,-0.7029728606,-0.6949438280,-0.0080290327,0.8144521395,0.7762590240
SOXX_RSI10_R15_H50_LSTOP12,0.0288657358,1.1328016644,2001-07-13,2012-12-31,-0.0185964181,-0.0218872241,0.0032908060,0.1564753195,0.1296199943,0.0268553253,-0.6957092787,-0.6949438280,-0.0007654507,0.8066790059,0.7762590240
SOXX_RSI7_R5_H50_LSTOP16,0.0264253084,1.1813453537,2001-07-13,2012-12-31,-0.0199903432,-0.0218872241,0.0018968809,0.1596036668,0.1296199943,0.0299836725,-0.6961125537,-0.6949438280,-0.0011687257,0.7936632790,0.7762590240
SOXX_RSI5_R15_H50_LSTOP12,0.0232582833,1.0631067961,2001-07-13,2012-12-31,-0.0163727403,-0.0218872241,0.0055144838,0.1534059899,0.1296199943,0.0237859957,-0.7023602712,-0.6949438280,-0.0074164432,0.8278462710,0.7762590240
SOXX_RSI5_R5_H40_LSTOP16,0.0212680237,1.1549930652,2001-07-13,2012-12-31,-0.0204712894,-0.0218872241,0.0014159347,0.1548720079,0.1296199943,0.0252520136,-0.6962230216,-0.6949438280,-0.0012791937,0.7892171255,0.7762590240
SOXX_RSI10_R5_H40_LSTOP16,0.0129714450,1.1924410541,2001-07-13,2012-12-31,-0.0187551852,-0.0218872241,0.0031320388,0.1666241005,0.1296199943,0.0370041063,-0.7110623288,-0.6949438280,-0.0161185008,0.8051867559,0.7762590240
SOXX_RSI10_R15_H50_LSTOP16,0.0127342118,1.1373092926,2001-07-13,2012-12-31,-0.0208697685,-0.0218872241,0.0010174555,0.1514486277,0.1296199943,0.0218286334,-0.6994035813,-0.6949438280,-0.0044597533,0.7855505792,0.7762590240
SOXX_RSI7_R5_H30_LSTOP16,0.0104286680,1.1425104022,2001-07-13,2012-12-31,-0.0193193155,-0.0218872241,0.0025679085,0.1580503203,0.1296199943,0.0284303260,-0.7073423627,-0.6949438280,-0.0123985347,0.7999048589,0.7762590240
SOXX_RSI5_R15_H50_LSTOP16,0.0069300305,1.0686546463,2001-07-13,2012-12-31,-0.0181980147,-0.0218872241,0.0036892094,0.1493441766,0.1296199943,0.0197241823,-0.7075643176,-0.6949438280,-0.0126204896,0.8104347134,0.7762590240
SOXX_RSI7_R5_H40_LSTOP12,0.0050113930,1.1634882108,2001-07-13,2012-12-31,-0.0217916887,-0.0218872241,0.0000955354,0.1533198222,0.1296199943,0.0236998279,-0.7036438840,-0.6949438280,-0.0087000560,0.7771271807,0.7762590240
SOXX_RSI10_R5_H40_LSTOPNONE,-0.0000377135,1.1941747573,2001-07-13,2012-12-31,-0.0185109445,-0.0218872241,0.0033762795,0.1723173910,0.1296199943,0.0426973967,-0.7230702277,-0.6949438280,-0.0281263997,0.8074834153,0.7762590240
SOXX_RSI7_R5_H30_LSTOPNONE,-0.0081284586,1.1404299584,2001-07-13,2012-12-31,-0.0190925540,-0.0218872241,0.0027946700,0.1603498266,0.1296199943,0.0307298323,-0.7213170566,-0.6949438280,-0.0263732286,0.8020241922,0.7762590240
SOXX_RSI10_R5_H30_LSTOP16,-0.0169365374,1.1693828017,2001-07-13,2012-12-31,-0.0218003717,-0.0218872241,0.0000868523,0.1559703028,0.1296199943,0.0263503085,-0.7195837119,-0.6949438280,-0.0246398839,0.7770482391,0.7762590240
SOXX_RSI10_R15_H40_LSTOP16,-0.9929372305,1.1191054092,2001-07-13,2012-12-31,-0.0220348231,-0.0218872241,-0.0001475990,0.1454497021,0.1296199943,0.0158297078,-0.6978549708,-0.6949438280,-0.0029111428,0.7749194898,0.7762590240
SOXX_RSI5_R10_H30_LSTOP16,-0.9961270496,1.1017683773,2001-07-13,2012-12-31,-0.0233682898,-0.0218872241,-0.0014810657,0.1422390924,0.1296199943,0.0126190981,-0.6957092787,-0.6949438280,-0.0007654507,0.7629128933,0.7762590240
SOXX_RSI10_R10_H50_LSTOP16,-1.0053620062,1.1640083218,2001-07-13,2012-12-31,-0.0229393097,-0.0218872241,-0.0010520857,0.1500583740,0.1296199943,0.0204383797,-0.7066335174,-0.6949438280,-0.0116896894,0.7667567959,0.7762590240
SOXX_RSI7_R15_H50_LSTOP12,-1.0056244038,1.0979542302,2001-07-13,2012-12-31,-0.0223242346,-0.0218872241,-0.0004370105,0.1425160928,0.1296199943,0.0128960985,-0.7042674587,-0.6949438280,-0.0093236307,0.7722990595,0.7762590240
SOXX_RSI7_R5_H40_LSTOP16,-1.0069100120,1.1652219140,2001-07-13,2012-12-31,-0.0219681610,-0.0218872241,-0.0000809369,0.1529673942,0.1296199943,0.0233473999,-0.7110623288,-0.6949438280,-0.0161185008,0.7755242204,0.7762590240
SOXX_RSI5_R5_H50_LSTOP16,-1.0096473005,1.1733703190,2001-07-13,2012-12-31,-0.0221487874,-0.0218872241,-0.0002615634,0.1534133825,0.1296199943,0.0237933882,-0.7127489290,-0.6949438280,-0.0178051010,0.7738866511,0.7762590240
SOXX_RSI5_R15_H30_LSTOP12,-1.0118264055,1.0561719834,2001-07-13,2012-12-31,-0.0253741596,-0.0218872241,-0.0034869355,0.1293300971,0.1296199943,-0.0002898972,-0.6957092787,-0.6949438280,-0.0007654507,0.7451714639,0.7762590240
SOXX_RSI5_R15_H30_LSTOP16,-1.0159638561,1.0601595007,2001-07-13,2012-12-31,-0.0247545808,-0.0218872241,-0.0028673568,0.1317899943,0.1296199943,0.0021700000,-0.7009366852,-0.6949438280,-0.0059928572,0.7506108735,0.7762590240
SOXX_RSI7_R5_H40_LSTOPNONE,-1.0223377733,1.1664355062,2001-07-13,2012-12-31,-0.0222720142,-0.0218872241,-0.0003847901,0.1576282565,0.1296199943,0.0280082622,-0.7230702277,-0.6949438280,-0.0281263997,0.7727712822,0.7762590240
SOXX_RSI5_R10_H30_LSTOP12,-1.0224506510,1.0953536755,2001-07-13,2012-12-31,-0.0285132032,-0.0218872241,-0.0066259792,0.1277206110,0.1296199943,-0.0018993833,-0.6957092787,-0.6949438280,-0.0007654507,0.7181618479,0.7762590240
SOXX_RSI5_R5_H30_LSTOPNONE,-1.0246395336,1.1300277393,2001-07-13,2012-12-31,-0.0221988764,-0.0218872241,-0.0003116524,0.1507603496,0.1296199943,0.0211403553,-0.7213170566,-0.6949438280,-0.0263732286,0.7734331007,0.7762590240
SOXX_RSI5_R15_H40_LSTOP12,-1.0266030501,1.0603328710,2001-07-13,2012-12-31,-0.0220748414,-0.0218872241,-0.0001876174,0.1374350996,0.1296199943,0.0078151053,-0.7162115126,-0.6949438280,-0.0212676846,0.7745566674,0.7762590240
SOXX_RSI7_R15_H40_LSTOP12,-1.0275722383,1.0894590846,2001-07-13,2012-12-31,-0.0252810852,-0.0218872241,-0.0033938611,0.1331295036,0.1296199943,0.0035095093,-0.7082923527,-0.6949438280,-0.0133485247,0.7459862805,0.7762590240
SOXX_RSI7_R5_H50_LSTOP12,-1.0316085326,1.1825589459,2001-07-13,2012-12-31,-0.0249627097,-0.0218872241,-0.0030754856,0.1479726073,0.1296199943,0.0183526130,-0.7190415183,-0.6949438280,-0.0240976903,0.7487796390,0.7762590240
SOXX_RSI5_R15_H40_LSTOP16,-1.0372700941,1.0636269071,2001-07-13,2012-12-31,-0.0227995738,-0.0218872241,-0.0009123497,0.1360350357,0.1296199943,0.0064150414,-0.7211733786,-0.6949438280,-0.0262295506,0.7680127197,0.7762590240
SOXX_RSI10_R5_H50_LSTOP12,-1.0406682502,1.2040568655,2001-07-13,2012-12-31,-0.0261022387,-0.0218872241,-0.0042150146,0.1493568845,0.1296199943,0.0197368902,-0.7234944106,-0.6949438280,-0.0285505826,0.7388254937,0.7762590240
SOXX_RSI7_R15_H40_LSTOP16,-1.0412092894,1.0913661581,2001-07-13,2012-12-31,-0.0265358597,-0.0218872241,-0.0046486356,0.1301665221,0.1296199943,0.0005465278,-0.7133926803,-0.6949438280,-0.0184488523,0.7350695081,0.7762590240
SOXX_RSI5_R5_H30_LSTOP12,-1.0418524878,1.1303744799,2001-07-13,2012-12-31,-0.0286136240,-0.0218872241,-0.0067263999,0.1324941108,0.1296199943,0.0028741165,-0.7108297449,-0.6949438280,-0.0158859169,0.7173127274,0.7762590240
SOXX_RSI10_R15_H30_LSTOP12,-1.0486424320,1.1106102635,2001-07-13,2012-12-31,-0.0314136926,-0.0218872241,-0.0095264685,0.1213420601,0.1296199943,-0.0082779342,-0.7041802119,-0.6949438280,-0.0092363839,0.6940021783,0.7762590240
SOXX_RSI5_R5_H40_LSTOPNONE,-1.0516307992,1.1595006935,2001-07-13,2012-12-31,-0.0279586248,-0.0218872241,-0.0060714007,0.1422524282,0.1296199943,0.0126324339,-0.7235377764,-0.6949438280,-0.0285939484,0.7228676996,0.7762590240
SOXX_RSI7_R15_H50_LSTOP16,-1.0521970167,1.1026352288,2001-07-13,2012-12-31,-0.0303239208,-0.0218872241,-0.0084366967,0.1227594210,0.1296199943,-0.0068605733,-0.7094381591,-0.6949438280,-0.0144943311,0.7029910687,0.7762590240
SOXX_RSI7_R15_H30_LSTOP12,-1.0539288283,1.0809639390,2001-07-13,2012-12-31,-0.0316157387,-0.0218872241,-0.0097285147,0.1165125994,0.1296199943,-0.0131073948,-0.7048856535,-0.6949438280,-0.0099418255,0.6923471910,0.7762590240
SOXX_RSI10_R15_H30_LSTOP16,-1.0621088753,1.1113037448,2001-07-13,2012-12-31,-0.0316351749,-0.0218872241,-0.0097479508,0.1210081924,0.1296199943,-0.0086118019,-0.7125479422,-0.6949438280,-0.0176041142,0.6921881766,0.7762590240
SOXX_RSI10_R15_H40_LSTOP12,-1.0629065961,1.1191054092,2001-07-13,2012-12-31,-0.0291571119,-0.0218872241,-0.0072698878,0.1275275487,0.1296199943,-0.0020924455,-0.7212955603,-0.6949438280,-0.0263517323,0.7127330745,0.7762590240
SOXX_RSI10_R15_H30_LSTOPNONE,-1.0671303793,1.1092233010,2001-07-13,2012-12-31,-0.0302883988,-0.0218872241,-0.0084011747,0.1264639781,0.1296199943,-0.0031560162,-0.7213170566,-0.6949438280,-0.0263732286,0.7032858487,0.7762590240
SOXX_RSI5_R10_H30_LSTOPNONE,-1.0694106646,1.1040221914,2001-07-13,2012-12-31,-0.0308414054,-0.0218872241,-0.0089541813,0.1256356240,0.1296199943,-0.0039843703,-0.7213170566,-0.6949438280,-0.0263732286,0.6987094767,0.7762590240
SOXX_RSI7_R15_H30_LSTOPNONE,-1.0786478811,1.0780166436,2001-07-13,2012-12-31,-0.0319465399,-0.0218872241,-0.0100593158,0.1177398734,0.1296199943,-0.0118801209,-0.7213170566,-0.6949438280,-0.0263732286,0.6896453276,0.7762590240
SOXX_RSI7_R15_H30_LSTOP16,-1.0820847718,1.0800970874,2001-07-13,2012-12-31,-0.0332910131,-0.0218872241,-0.0114037891,0.1121475207,0.1296199943,-0.0174724736,-0.7181231942,-0.6949438280,-0.0231793663,0.6787628994,0.7762590240
SOXX_RSI7_R10_H30_LSTOP12,-1.0834679888,1.1093966713,2001-07-13,2012-12-31,-0.0372675989,-0.0218872241,-0.0153803749,0.1075333625,0.1296199943,-0.0220866318,-0.7087850883,-0.6949438280,-0.0138412603,0.6474863579,0.7762590240
SOXX_RSI7_R10_H30_LSTOP16,-1.0970402889,1.1113037448,2001-07-13,2012-12-31,-0.0388379216,-0.0218872241,-0.0169506975,0.1040812979,0.1296199943,-0.0255386964,-0.7129666107,-0.6949438280,-0.0180227827,0.6355020611,0.7762590240
SOXX_RSI7_R10_H30_LSTOPNONE,-1.1013943653,1.1092233010,2001-07-13,2012-12-31,-0.0375011629,-0.0218872241,-0.0156139388,0.1096297196,0.1296199943,-0.0199902747,-0.7213170566,-0.6949438280,-0.0263732286,0.6456908995,0.7762590240
SOXX_RSI10_R10_H50_LSTOP12,-1.1098580422,1.1674757282,2001-07-13,2012-12-31,-0.0390385284,-0.0218872241,-0.0171513044,0.1109745919,0.1296199943,-0.0186454024,-0.7245572128,-0.6949438280,-0.0296133848,0.6339857526,0.7762590240
SOXX_RSI10_R5_H30_LSTOPNONE,-2.0600031299,1.1716366158,2001-07-13,2012-12-31,-0.0292854849,-0.0218872241,-0.0073982609,0.1399036218,0.1296199943,0.0102836275,-0.7252912066,-0.6949438280,-0.0303473786,0.7116552536,0.7762590240
SOXX_RSI10_R5_H30_LSTOP12,-2.0643086782,1.1716366158,2001-07-13,2012-12-31,-0.0278401931,-0.0218872241,-0.0059529690,0.1416723122,0.1296199943,0.0120523179,-0.7319365010,-0.6949438280,-0.0369926730,0.7238762857,0.7762590240
SOXX_RSI10_R15_H40_LSTOPNONE,-2.0744753778,1.1248266297,2001-07-13,2012-12-31,-0.0307831623,-0.0218872241,-0.0088959382,0.1307800108,0.1296199943,0.0011600165,-0.7273822117,-0.6949438280,-0.0324383837,0.6991901802,0.7762590240
SOXX_RSI5_R5_H40_LSTOP12,-2.0850897047,1.1544729542,2001-07-13,2012-12-31,-0.0323731108,-0.0218872241,-0.0104858867,0.1247017870,0.1296199943,-0.0049182073,-0.7282394207,-0.6949438280,-0.0332955927,0.6861754575,0.7762590240
SOXX_RSI5_R15_H30_LSTOPNONE,-2.0888366990,1.0624133148,2001-07-13,2012-12-31,-0.0322170887,-0.0218872241,-0.0103298646,0.1148119595,0.1296199943,-0.0148080347,-0.7261045474,-0.6949438280,-0.0311607194,0.6874427412,0.7762590240
SOXX_RSI5_R10_H50_LSTOP16,-2.0896894639,1.1293342580,2001-07-13,2012-12-31,-0.0293303214,-0.0218872241,-0.0074430974,0.1289970547,0.1296199943,-0.0006229396,-0.7395391394,-0.6949438280,-0.0445953114,0.7112791567,0.7762590240
SOXX_RSI5_R10_H40_LSTOP16,-2.0902088405,1.1121705964,2001-07-13,2012-12-31,-0.0295284852,-0.0218872241,-0.0076412612,0.1262894415,0.1296199943,-0.0033305528,-0.7381352563,-0.6949438280,-0.0431914283,0.7096190933,0.7762590240
SOXX_RSI10_R15_H50_LSTOPNONE,-2.0930753504,1.1473647712,2001-07-13,2012-12-31,-0.0336127513,-0.0218872241,-0.0117255273,0.1301622214,0.1296199943,0.0005422272,-0.7338141207,-0.6949438280,-0.0388702927,0.6761820360,0.7762590240
SOXX_RSI10_R5_H50_LSTOPNONE,-2.0945243559,1.2167128988,2001-07-13,2012-12-31,-0.0335809529,-0.0218872241,-0.0116937288,0.1417099449,0.1296199943,0.0120899506,-0.7406175829,-0.6949438280,-0.0456737549,0.6764367119,0.7762590240
SOXX_RSI5_R15_H50_LSTOPNONE,-2.0947134399,1.0780166436,2001-07-13,2012-12-31,-0.0289767497,-0.0218872241,-0.0070895256,0.1319127548,0.1296199943,0.0022927605,-0.7450534502,-0.6949438280,-0.0501096223,0.7142499138,0.7762590240
SOXX_RSI7_R5_H50_LSTOPNONE,-2.1056458565,1.1907073509,2001-07-13,2012-12-31,-0.0357619140,-0.0218872241,-0.0138746899,0.1312448500,0.1296199943,0.0016248558,-0.7384374471,-0.6949438280,-0.0434936191,0.6591706901,0.7762590240
SOXX_RSI10_R10_H50_LSTOPNONE,-2.1062585554,1.1733703190,2001-07-13,2012-12-31,-0.0336659923,-0.0218872241,-0.0117787683,0.1336532877,0.1296199943,0.0040332934,-0.7442419751,-0.6949438280,-0.0492981471,0.6757558213,0.7762590240
SOXX_RSI5_R5_H50_LSTOP12,-2.1080612940,1.1719833564,2001-07-13,2012-12-31,-0.0324277751,-0.0218872241,-0.0105405510,0.1273767949,0.1296199943,-0.0022431994,-0.7447819889,-0.6949438280,-0.0498381609,0.6857319535,0.7762590240
SOXX_RSI7_R10_H40_LSTOP16,-2.1092720640,1.1260402219,2001-07-13,2012-12-31,-0.0343758989,-0.0218872241,-0.0124886748,0.1161374674,0.1296199943,-0.0134825269,-0.7360732575,-0.6949438280,-0.0411294295,0.6700961274,0.7762590240
SOXX_RSI5_R15_H40_LSTOPNONE,-2.1155636543,1.0693481276,2001-07-13,2012-12-31,-0.0315410719,-0.0218872241,-0.0096538479,0.1211064954,0.1296199943,-0.0085134989,-0.7484218190,-0.6949438280,-0.0534779910,0.6929583769,0.7762590240
SOXX_RSI7_R10_H50_LSTOP16,-2.1195474801,1.1461511789,2001-07-13,2012-12-31,-0.0364438944,-0.0218872241,-0.0145566704,0.1134183123,0.1296199943,-0.0162016820,-0.7374279663,-0.6949438280,-0.0424841383,0.6538547903,0.7762590240
SOXX_RSI7_R15_H40_LSTOPNONE,-2.1202222495,1.0970873786,2001-07-13,2012-12-31,-0.0352439350,-0.0218872241,-0.0133567110,0.1156658344,0.1296199943,-0.0139541599,-0.7414014925,-0.6949438280,-0.0464576645,0.6632345535,0.7762590240
SOXX_RSI5_R10_H40_LSTOP12,-2.1220484148,1.1097434119,2001-07-13,2012-12-31,-0.0351378593,-0.0218872241,-0.0132506352,0.1114386603,0.1296199943,-0.0181813340,-0.7407175004,-0.6949438280,-0.0457736724,0.6640695985,0.7762590240
SOXX_RSI5_R5_H50_LSTOPNONE,-2.1251535503,1.1820388350,2001-07-13,2012-12-31,-0.0348850793,-0.0218872241,-0.0129978552,0.1310792674,0.1296199943,0.0014592731,-0.7531134543,-0.6949438280,-0.0581696263,0.6660633913,0.7762590240
SOXX_RSI7_R10_H40_LSTOP12,-2.1335758399,1.1248266297,2001-07-13,2012-12-31,-0.0385053290,-0.0218872241,-0.0166181050,0.1054553083,0.1296199943,-0.0241646860,-0.7386758350,-0.6949438280,-0.0437320070,0.6380232911,0.7762590240
SOXX_RSI10_R10_H40_LSTOPNONE,-2.1432200540,1.1595006935,2001-07-13,2012-12-31,-0.0392567473,-0.0218872241,-0.0173695233,0.1157286002,0.1296199943,-0.0138913941,-0.7487391204,-0.6949438280,-0.0537952924,0.6323400717,0.7762590240
SOXX_RSI10_R10_H40_LSTOP16,-2.1464510260,1.1563800277,2001-07-13,2012-12-31,-0.0385148791,-0.0218872241,-0.0166276550,0.1106862722,0.1296199943,-0.0189337221,-0.7498556743,-0.6949438280,-0.0549118463,0.6379507697,0.7762590240
SOXX_RSI10_R10_H30_LSTOP12,-2.1556090029,1.1438973648,2001-07-13,2012-12-31,-0.0444184382,-0.0218872241,-0.0225312142,0.0945358490,0.1296199943,-0.0350841453,-0.7360786623,-0.6949438280,-0.0411348343,0.5945323499,0.7762590240
SOXX_RSI7_R15_H50_LSTOPNONE,-2.1614080915,1.1126907074,2001-07-13,2012-12-31,-0.0429438616,-0.0218872241,-0.0210566376,0.1021222448,0.1296199943,-0.0274977495,-0.7466870725,-0.6949438280,-0.0517432445,0.6051169011,0.7762590240
SOXX_RSI5_R10_H50_LSTOP12,-2.1637503548,1.1284674064,2001-07-13,2012-12-31,-0.0391649724,-0.0218872241,-0.0172777483,0.1039789288,0.1296199943,-0.0256410655,-0.7567347018,-0.6949438280,-0.0617908738,0.6330317098,0.7762590240
SOXX_RSI10_R10_H30_LSTOPNONE,-2.1642852261,1.1404299584,2001-07-13,2012-12-31,-0.0466091860,-0.0218872241,-0.0247219620,0.0912738753,0.1296199943,-0.0383461189,-0.7358503286,-0.6949438280,-0.0409065007,0.5791188340,0.7762590240
SOXX_RSI5_R10_H40_LSTOPNONE,-2.1652582743,1.1178918169,2001-07-13,2012-12-31,-0.0382097902,-0.0218872241,-0.0163225661,0.1121304182,0.1296199943,-0.0174895760,-0.7637260906,-0.6949438280,-0.0687822626,0.6402712904,0.7762590240
SOXX_RSI10_R10_H30_LSTOP16,-2.1787082769,1.1425104022,2001-07-13,2012-12-31,-0.0479332951,-0.0218872241,-0.0260460711,0.0856760069,0.1296199943,-0.0439439874,-0.7400185434,-0.6949438280,-0.0450747154,0.5699804858,0.7762590240
SOXX_RSI7_R10_H50_LSTOP12,-2.1804864656,1.1459778086,2001-07-13,2012-12-31,-0.0436115718,-0.0218872241,-0.0217243477,0.0955069239,0.1296199943,-0.0341130704,-0.7547629078,-0.6949438280,-0.0598190798,0.6003029371,0.7762590240
SOXX_RSI5_R10_H50_LSTOPNONE,-2.1837662191,1.1386962552,2001-07-13,2012-12-31,-0.0399868402,-0.0218872241,-0.0180996161,0.1129676225,0.1296199943,-0.0166523718,-0.7729292226,-0.6949438280,-0.0779853946,0.6268624332,0.7762590240
SOXX_RSI7_R10_H40_LSTOPNONE,-2.1841932954,1.1317614424,2001-07-13,2012-12-31,-0.0430138416,-0.0218872241,-0.0211266175,0.1023789508,0.1296199943,-0.0272410435,-0.7618656014,-0.6949438280,-0.0669217735,0.6046107218,0.7762590240
SOXX_RSI10_R10_H40_LSTOP12,-2.1923745341,1.1572468793,2001-07-13,2012-12-31,-0.0423202266,-0.0218872241,-0.0204330025,0.1008699644,0.1296199943,-0.0287500299,-0.7679524974,-0.6949438280,-0.0730086694,0.6096448912,0.7762590240
SOXX_RSI7_R10_H50_LSTOPNONE,-2.2261352223,1.1560332871,2001-07-13,2012-12-31,-0.0497277654,-0.0218872241,-0.0278405413,0.0917582613,0.1296199943,-0.0378617329,-0.7710886938,-0.6949438280,-0.0761448658,0.5578059280,0.7762590240
