route,candidate,start,end,cagr,benchmark_cagr,cagr_delta,sharpe,benchmark_sharpe,sharpe_delta,maxdd,benchmark_maxdd,maxdd_improvement,terminal,benchmark_terminal,all_three_pass
USD_2X,SOXX_RSI5_R5_H30_LSTOPNONE,2013-01-02,2026-07-20,0.3821562597,0.3029201876,0.0792360722,1.0928804161,1.0242632252,0.0686171909,-0.4737382677,-0.4737382677,0.0000000000,79.3875726579,35.7449397653,True
USD_2X,SOXX_RSI5_R5_H30_LSTOP12,2013-01-02,2026-07-20,0.3837617454,0.3029201876,0.0808415579,1.1125364183,1.0242632252,0.0882731931,-0.4737382677,-0.4737382677,-0.0000000000,80.6430400901,35.7449397653,False
USD_2X,SOXX_RSI5_R5_H30_LSTOP16,2013-01-02,2026-07-20,0.3819407559,0.3029201876,0.0790205683,1.1063396539,1.0242632252,0.0820764287,-0.4737382677,-0.4737382677,0.0000000000,79.2204363571,35.7449397653,True
USD_2X,SOXX_RSI5_R5_H40_LSTOPNONE,2013-01-02,2026-07-20,0.4145475756,0.3029201876,0.1116273880,1.1499978686,1.0242632252,0.1257346434,-0.4737382677,-0.4737382677,0.0000000000,108.5744897950,35.7449397653,True
USD_2X,SOXX_RSI5_R5_H40_LSTOP12,2013-01-02,2026-07-20,0.3976616872,0.3029201876,0.0947414996,1.1259909232,1.0242632252,0.1017276980,-0.4737382677,-0.4737382677,0.0000000000,92.3072440359,35.7449397653,True
USD_2X,SOXX_RSI5_R5_H40_LSTOP16,2013-01-02,2026-07-20,0.4088481006,0.3029201876,0.1059279130,1.1548103649,1.0242632252,0.1305471397,-0.4737382677,-0.4737382677,-0.0000000000,102.8085488783,35.7449397653,False
USD_2X,SOXX_RSI5_R5_H50_LSTOPNONE,2013-01-02,2026-07-20,0.4102077121,0.3029201876,0.1072875245,1.1194803136,1.0242632252,0.0952170884,-0.4874325554,-0.4737382677,-0.0136942877,104.1576626587,35.7449397653,False
USD_2X,SOXX_RSI5_R5_H50_LSTOP12,2013-01-02,2026-07-20,0.3899616677,0.3029201876,0.0870414801,1.0950479367,1.0242632252,0.0707847115,-0.4874325554,-0.4737382677,-0.0136942877,85.6659041112,35.7449397653,False
USD_2X,SOXX_RSI5_R5_H50_LSTOP16,2013-01-02,2026-07-20,0.3951443957,0.3029201876,0.0922242082,1.1088681879,1.0242632252,0.0846049627,-0.4874325554,-0.4737382677,-0.0136942877,90.0853535132,35.7449397653,False
USD_2X,SOXX_RSI5_R10_H30_LSTOPNONE,2013-01-02,2026-07-20,0.3560719310,0.3029201876,0.0531517435,1.0824932320,1.0242632252,0.0582300068,-0.4737382677,-0.4737382677,-0.0000000000,61.3644062567,35.7449397653,False
USD_2X,SOXX_RSI5_R10_H30_LSTOP12,2013-01-02,2026-07-20,0.3521098499,0.3029201876,0.0491896623,1.0921538261,1.0242632252,0.0678906009,-0.4737382677,-0.4737382677,-0.0000000000,58.9849531303,35.7449397653,False
USD_2X,SOXX_RSI5_R10_H30_LSTOP16,2013-01-02,2026-07-20,0.3444039655,0.3029201876,0.0414837780,1.0735947654,1.0242632252,0.0493315402,-0.4737382677,-0.4737382677,-0.0000000000,54.5999506751,35.7449397653,False
USD_2X,SOXX_RSI5_R10_H40_LSTOPNONE,2013-01-02,2026-07-20,0.3653977839,0.3029201876,0.0624775963,1.0871414578,1.0242632252,0.0628782325,-0.4737382677,-0.4737382677,-0.0000000000,67.3203066089,35.7449397653,False
USD_2X,SOXX_RSI5_R10_H40_LSTOP12,2013-01-02,2026-07-20,0.3581299339,0.3029201876,0.0552097463,1.0926841156,1.0242632252,0.0684208903,-0.4737382677,-0.4737382677,-0.0000000000,62.6351350940,35.7449397653,False
USD_2X,SOXX_RSI5_R10_H40_LSTOP16,2013-01-02,2026-07-20,0.3497273620,0.3029201876,0.0468071745,1.0725376165,1.0242632252,0.0482743913,-0.4737382677,-0.4737382677,0.0000000000,57.5955727031,35.7449397653,True
USD_2X,SOXX_RSI5_R10_H50_LSTOPNONE,2013-01-02,2026-07-20,0.3661383255,0.3029201876,0.0632181380,1.0698346225,1.0242632252,0.0455713973,-0.4766476054,-0.4737382677,-0.0029093377,67.8154774786,35.7449397653,False
USD_2X,SOXX_RSI5_R10_H50_LSTOP12,2013-01-02,2026-07-20,0.3556275764,0.3029201876,0.0527073888,1.0744376113,1.0242632252,0.0501743861,-0.4766476054,-0.4737382677,-0.0029093377,61.0931890261,35.7449397653,False
USD_2X,SOXX_RSI5_R10_H50_LSTOP16,2013-01-02,2026-07-20,0.3437042723,0.3029201876,0.0407840847,1.0439100123,1.0242632252,0.0196467871,-0.4766476054,-0.4737382677,-0.0029093377,54.2171256566,35.7449397653,False
USD_2X,SOXX_RSI5_R15_H30_LSTOPNONE,2013-01-02,2026-07-20,0.3201455111,0.3029201876,0.0172253235,1.0276322228,1.0242632252,0.0033689976,-0.4737382677,-0.4737382677,-0.0000000000,42.6883114517,35.7449397653,False
USD_2X,SOXX_RSI5_R15_H30_LSTOP12,2013-01-02,2026-07-20,0.3162891207,0.3029201876,0.0133689331,1.0193311489,1.0242632252,-0.0049320763,-0.4737382677,-0.4737382677,-0.0000000000,41.0333433573,35.7449397653,False
USD_2X,SOXX_RSI5_R15_H30_LSTOP16,2013-01-02,2026-07-20,0.3151368175,0.3029201876,0.0122166299,1.0165121736,1.0242632252,-0.0077510516,-0.4737382677,-0.4737382677,0.0000000000,40.5504860913,35.7449397653,False
USD_2X,SOXX_RSI5_R15_H40_LSTOPNONE,2013-01-02,2026-07-20,0.3378713013,0.3029201876,0.0349511137,1.0577038108,1.0242632252,0.0334405856,-0.4737382677,-0.4737382677,0.0000000000,51.1210936958,35.7449397653,True
USD_2X,SOXX_RSI5_R15_H40_LSTOP12,2013-01-02,2026-07-20,0.3351751291,0.3029201876,0.0322549415,1.0533733280,1.0242632252,0.0291101028,-0.4737382677,-0.4737382677,0.0000000000,49.7460759564,35.7449397653,True
USD_2X,SOXX_RSI5_R15_H40_LSTOP16,2013-01-02,2026-07-20,0.3308990630,0.3029201876,0.0279788755,1.0426333949,1.0242632252,0.0183701697,-0.4737382677,-0.4737382677,-0.0000000000,47.6353837468,35.7449397653,False
USD_2X,SOXX_RSI5_R15_H50_LSTOPNONE,2013-01-02,2026-07-20,0.3291041496,0.3029201876,0.0261839620,1.0244117764,1.0242632252,0.0001485512,-0.4737382677,-0.4737382677,-0.0000000000,46.7743694886,35.7449397653,False
USD_2X,SOXX_RSI5_R15_H50_LSTOP12,2013-01-02,2026-07-20,0.3189080218,0.3029201876,0.0159878343,1.0082558667,1.0242632252,-0.0160073585,-0.4737382677,-0.4737382677,-0.0000000000,42.1506278528,35.7449397653,False
USD_2X,SOXX_RSI5_R15_H50_LSTOP16,2013-01-02,2026-07-20,0.3152194340,0.3029201876,0.0122992465,0.9960957075,1.0242632252,-0.0281675177,-0.4737382677,-0.4737382677,0.0000000000,40.5849295790,35.7449397653,False
USD_2X,SOXX_RSI7_R5_H30_LSTOPNONE,2013-01-02,2026-07-20,0.3165411220,0.3029201876,0.0136209344,0.9354437378,1.0242632252,-0.0888194874,-0.4932402732,-0.4737382677,-0.0195020055,41.1396481593,35.7449397653,False
USD_2X,SOXX_RSI7_R5_H30_LSTOP12,2013-01-02,2026-07-20,0.3405240739,0.3029201876,0.0376038864,0.9975990192,1.0242632252,-0.0266642061,-0.4811891355,-0.4737382677,-0.0074508678,52.5082532313,35.7449397653,False
USD_2X,SOXX_RSI7_R5_H30_LSTOP16,2013-01-02,2026-07-20,0.3336136388,0.3029201876,0.0306934512,0.9817013626,1.0242632252,-0.0425618627,-0.4837220379,-0.4737382677,-0.0099837702,48.9654766224,35.7449397653,False
USD_2X,SOXX_RSI7_R5_H40_LSTOPNONE,2013-01-02,2026-07-20,0.3640683100,0.3029201876,0.0611481224,1.0147397029,1.0242632252,-0.0095235223,-0.5161671959,-0.4737382677,-0.0424289282,66.4397315834,35.7449397653,False
USD_2X,SOXX_RSI7_R5_H40_LSTOP12,2013-01-02,2026-07-20,0.3752405242,0.3029201876,0.0723203367,1.0587935877,1.0242632252,0.0345303624,-0.4811891355,-0.4737382677,-0.0074508678,74.1836868245,35.7449397653,False
USD_2X,SOXX_RSI7_R5_H40_LSTOP16,2013-01-02,2026-07-20,0.3736093009,0.3029201876,0.0706891133,1.0534603251,1.0242632252,0.0291970999,-0.4940515096,-0.4737382677,-0.0203132418,73.0031858614,35.7449397653,False
USD_2X,SOXX_RSI7_R5_H50_LSTOPNONE,2013-01-02,2026-07-20,0.3959715655,0.3029201876,0.0930513779,1.0557364942,1.0242632252,0.0314732690,-0.5242296626,-0.4737382677,-0.0504913948,90.8099326384,35.7449397653,False
USD_2X,SOXX_RSI7_R5_H50_LSTOP12,2013-01-02,2026-07-20,0.3859531918,0.3029201876,0.0830330042,1.0720510543,1.0242632252,0.0477878291,-0.4811891355,-0.4737382677,-0.0074508678,82.3864096928,35.7449397653,False
USD_2X,SOXX_RSI7_R5_H50_LSTOP16,2013-01-02,2026-07-20,0.3958135049,0.3029201876,0.0928933173,1.0807874440,1.0242632252,0.0565242188,-0.4940515096,-0.4737382677,-0.0203132418,90.6710599158,35.7449397653,False
USD_2X,SOXX_RSI7_R10_H30_LSTOPNONE,2013-01-02,2026-07-20,0.3129067591,0.3029201876,0.0099865715,0.9647375009,1.0242632252,-0.0595257243,-0.4970933666,-0.4737382677,-0.0233550989,39.6309209219,35.7449397653,False
USD_2X,SOXX_RSI7_R10_H30_LSTOP12,2013-01-02,2026-07-20,0.3235833256,0.3029201876,0.0206631380,0.9966621700,1.0242632252,-0.0276010552,-0.4827014725,-0.4737382677,-0.0089632048,44.2155405562,35.7449397653,False
USD_2X,SOXX_RSI7_R10_H30_LSTOP16,2013-01-02,2026-07-20,0.3183200624,0.3029201876,0.0153998749,0.9818140136,1.0242632252,-0.0424492116,-0.4970933666,-0.4737382677,-0.0233550989,41.8973659998,35.7449397653,False
USD_2X,SOXX_RSI7_R10_H40_LSTOPNONE,2013-01-02,2026-07-20,0.3372952645,0.3029201876,0.0343750769,1.0069147727,1.0242632252,-0.0173484525,-0.5145233711,-0.4737382677,-0.0407851034,50.8243986502,35.7449397653,False
USD_2X,SOXX_RSI7_R10_H40_LSTOP12,2013-01-02,2026-07-20,0.3386156753,0.3029201876,0.0356954877,1.0258380223,1.0242632252,0.0015747971,-0.4827014725,-0.4737382677,-0.0089632048,51.5068684822,35.7449397653,False
USD_2X,SOXX_RSI7_R10_H40_LSTOP16,2013-01-02,2026-07-20,0.3364328847,0.3029201876,0.0335126971,1.0189643982,1.0242632252,-0.0052988270,-0.4955263526,-0.4737382677,-0.0217880849,50.3831983453,35.7449397653,False
USD_2X,SOXX_RSI7_R10_H50_LSTOPNONE,2013-01-02,2026-07-20,0.3593057479,0.3029201876,0.0563855603,1.0359822790,1.0242632252,0.0117190537,-0.5318113165,-0.4737382677,-0.0580730488,63.3720440162,35.7449397653,False
USD_2X,SOXX_RSI7_R10_H50_LSTOP12,2013-01-02,2026-07-20,0.3488887748,0.3029201876,0.0459685873,1.0400696841,1.0242632252,0.0158064589,-0.4855612588,-0.4737382677,-0.0118229911,57.1137940508,35.7449397653,False
USD_2X,SOXX_RSI7_R10_H50_LSTOP16,2013-01-02,2026-07-20,0.3464241390,0.3029201876,0.0435039514,1.0320159291,1.0242632252,0.0077527039,-0.4983152391,-0.4737382677,-0.0245769713,55.7193459549,35.7449397653,False
USD_2X,SOXX_RSI7_R15_H30_LSTOPNONE,2013-01-02,2026-07-20,0.2952947636,0.3029201876,-0.0076254239,0.9330208608,1.0242632252,-0.0912423644,-0.4970933666,-0.4737382677,-0.0233550989,33.0186917348,35.7449397653,False
USD_2X,SOXX_RSI7_R15_H30_LSTOP12,2013-01-02,2026-07-20,0.2936184627,0.3029201876,-0.0093017249,0.9406485893,1.0242632252,-0.0836146359,-0.4827014725,-0.4737382677,-0.0089632048,32.4457989245,35.7449397653,False
USD_2X,SOXX_RSI7_R15_H30_LSTOP16,2013-01-02,2026-07-20,0.3006354502,0.3029201876,-0.0022847373,0.9501555221,1.0242632252,-0.0741077031,-0.4970933666,-0.4737382677,-0.0233550989,34.9069913156,35.7449397653,False
USD_2X,SOXX_RSI7_R15_H40_LSTOPNONE,2013-01-02,2026-07-20,0.3313327456,0.3029201876,0.0284125580,0.9909836402,1.0242632252,-0.0332795850,-0.5145233711,-0.4737382677,-0.0407851034,47.8456097271,35.7449397653,False
USD_2X,SOXX_RSI7_R15_H40_LSTOP12,2013-01-02,2026-07-20,0.3268483868,0.3029201876,0.0239281992,1.0020277036,1.0242632252,-0.0222355216,-0.4827014725,-0.4737382677,-0.0089632048,45.7127243144,35.7449397653,False
USD_2X,SOXX_RSI7_R15_H40_LSTOP16,2013-01-02,2026-07-20,0.3347056813,0.3029201876,0.0317854937,1.0108294779,1.0242632252,-0.0134337473,-0.4955263526,-0.4737382677,-0.0217880849,49.5101929303,35.7449397653,False
USD_2X,SOXX_RSI7_R15_H50_LSTOPNONE,2013-01-02,2026-07-20,0.3522750659,0.3029201876,0.0493548784,1.0297961627,1.0242632252,0.0055329375,-0.5292086362,-0.4737382677,-0.0554703685,59.0824426204,35.7449397653,False
USD_2X,SOXX_RSI7_R15_H50_LSTOP12,2013-01-02,2026-07-20,0.3260014030,0.3029201876,0.0230812154,0.9894493256,1.0242632252,-0.0348138996,-0.4827014725,-0.4737382677,-0.0089632048,45.3198977051,35.7449397653,False
USD_2X,SOXX_RSI7_R15_H50_LSTOP16,2013-01-02,2026-07-20,0.3450071592,0.3029201876,0.0420869716,1.0213619368,1.0242632252,-0.0029012885,-0.4955263526,-0.4737382677,-0.0217880849,54.9319851002,35.7449397653,False
USD_2X,SOXX_RSI10_R5_H30_LSTOPNONE,2013-01-02,2026-07-20,0.3336453238,0.3029201876,0.0307251362,0.9631409757,1.0242632252,-0.0611222495,-0.4932402732,-0.4737382677,-0.0195020055,48.9812027714,35.7449397653,False
USD_2X,SOXX_RSI10_R5_H30_LSTOP12,2013-01-02,2026-07-20,0.3322783950,0.3029201876,0.0293582074,0.9704662463,1.0242632252,-0.0537969789,-0.4889997984,-0.4737382677,-0.0152615307,48.3069922839,35.7449397653,False
USD_2X,SOXX_RSI10_R5_H30_LSTOP16,2013-01-02,2026-07-20,0.3354174652,0.3029201876,0.0324972777,0.9686784531,1.0242632252,-0.0555847721,-0.4926711400,-0.4737382677,-0.0189328723,49.8682492324,35.7449397653,False
USD_2X,SOXX_RSI10_R5_H40_LSTOPNONE,2013-01-02,2026-07-20,0.3710180092,0.3029201876,0.0680978216,1.0197024388,1.0242632252,-0.0045607864,-0.5161671959,-0.4737382677,-0.0424289282,71.1636053232,35.7449397653,False
USD_2X,SOXX_RSI10_R5_H40_LSTOP12,2013-01-02,2026-07-20,0.3648135866,0.3029201876,0.0618933990,1.0257619002,1.0242632252,0.0014986749,-0.4811891355,-0.4737382677,-0.0074508678,66.9320417762,35.7449397653,False
USD_2X,SOXX_RSI10_R5_H40_LSTOP16,2013-01-02,2026-07-20,0.3644557334,0.3029201876,0.0615355458,1.0157772958,1.0242632252,-0.0084859295,-0.4940515096,-0.4737382677,-0.0203132418,66.6952332801,35.7449397653,False
USD_2X,SOXX_RSI10_R5_H50_LSTOPNONE,2013-01-02,2026-07-20,0.3663738639,0.3029201876,0.0634536763,0.9981040896,1.0242632252,-0.0261591356,-0.5242296626,-0.4737382677,-0.0504913948,67.9736782012,35.7449397653,False
USD_2X,SOXX_RSI10_R5_H50_LSTOP12,2013-01-02,2026-07-20,0.3797594435,0.3029201876,0.0768392560,1.0559648721,1.0242632252,0.0317016469,-0.4811891355,-0.4737382677,-0.0074508678,77.5469402051,35.7449397653,False
USD_2X,SOXX_RSI10_R5_H50_LSTOP16,2013-01-02,2026-07-20,0.3700783785,0.3029201876,0.0671581909,1.0222353618,1.0242632252,-0.0020278635,-0.4940515096,-0.4737382677,-0.0203132418,70.5072268235,35.7449397653,False
USD_2X,SOXX_RSI10_R10_H30_LSTOPNONE,2013-01-02,2026-07-20,0.3108444304,0.3029201876,0.0079242429,0.9353893490,1.0242632252,-0.0888738762,-0.4970933666,-0.4737382677,-0.0233550989,38.7977427371,35.7449397653,False
USD_2X,SOXX_RSI10_R10_H30_LSTOP12,2013-01-02,2026-07-20,0.3025755834,0.3029201876,-0.0003446041,0.9330448761,1.0242632252,-0.0912183491,-0.4827014725,-0.4737382677,-0.0089632048,35.6173714979,35.7449397653,False
USD_2X,SOXX_RSI10_R10_H30_LSTOP16,2013-01-02,2026-07-20,0.3144490180,0.3029201876,0.0115288304,0.9476638010,1.0242632252,-0.0765994242,-0.4970933666,-0.4737382677,-0.0233550989,40.2647861005,35.7449397653,False
USD_2X,SOXX_RSI10_R10_H40_LSTOPNONE,2013-01-02,2026-07-20,0.3460997448,0.3029201876,0.0431795572,0.9939464182,1.0242632252,-0.0303168070,-0.5145233711,-0.4737382677,-0.0407851034,55.5381757920,35.7449397653,False
USD_2X,SOXX_RSI10_R10_H40_LSTOP12,2013-01-02,2026-07-20,0.3399694406,0.3029201876,0.0370492530,1.0065794419,1.0242632252,-0.0176837833,-0.4827014725,-0.4737382677,-0.0089632048,52.2153805372,35.7449397653,False
USD_2X,SOXX_RSI10_R10_H40_LSTOP16,2013-01-02,2026-07-20,0.3433918358,0.3029201876,0.0404716483,1.0006754611,1.0242632252,-0.0235877641,-0.4955263526,-0.4737382677,-0.0217880849,54.0469855428,35.7449397653,False
USD_2X,SOXX_RSI10_R10_H50_LSTOPNONE,2013-01-02,2026-07-20,0.3793187486,0.3029201876,0.0763985611,1.0395899879,1.0242632252,0.0153267627,-0.5318113165,-0.4737382677,-0.0580730488,77.2128409096,35.7449397653,False
USD_2X,SOXX_RSI10_R10_H50_LSTOP12,2013-01-02,2026-07-20,0.3640424009,0.3029201876,0.0611222133,1.0469362198,1.0242632252,0.0226729945,-0.4855612588,-0.4737382677,-0.0118229911,66.4226772038,35.7449397653,False
USD_2X,SOXX_RSI10_R10_H50_LSTOP16,2013-01-02,2026-07-20,0.3617570438,0.3029201876,0.0588368562,1.0264354648,1.0242632252,0.0021722396,-0.4983152391,-0.4737382677,-0.0245769713,64.9342121441,35.7449397653,False
USD_2X,SOXX_RSI10_R15_H30_LSTOPNONE,2013-01-02,2026-07-20,0.3024282419,0.3029201876,-0.0004919457,0.9359559140,1.0242632252,-0.0883073112,-0.4970933666,-0.4737382677,-0.0233550989,35.5629562178,35.7449397653,False
USD_2X,SOXX_RSI10_R15_H30_LSTOP12,2013-01-02,2026-07-20,0.3001871667,0.3029201876,-0.0027330209,0.9451276141,1.0242632252,-0.0791356112,-0.4827014725,-0.4737382677,-0.0089632048,34.7447291643,35.7449397653,False
USD_2X,SOXX_RSI10_R15_H30_LSTOP16,2013-01-02,2026-07-20,0.3060096864,0.3029201876,0.0030894989,0.9489124362,1.0242632252,-0.0753507890,-0.4970933666,-0.4737382677,-0.0233550989,36.9076839062,35.7449397653,False
USD_2X,SOXX_RSI10_R15_H40_LSTOPNONE,2013-01-02,2026-07-20,0.3465446947,0.3029201876,0.0436245072,1.0119437177,1.0242632252,-0.0123195075,-0.5145233711,-0.4737382677,-0.0407851034,55.7868142048,35.7449397653,False
USD_2X,SOXX_RSI10_R15_H40_LSTOP12,2013-01-02,2026-07-20,0.3398356243,0.3029201876,0.0369154367,1.0209374177,1.0242632252,-0.0033258075,-0.4827014725,-0.4737382677,-0.0089632048,52.1449460408,35.7449397653,False
USD_2X,SOXX_RSI10_R15_H40_LSTOP16,2013-01-02,2026-07-20,0.3481098570,0.3029201876,0.0451896694,1.0279511332,1.0242632252,0.0036879080,-0.4955263526,-0.4737382677,-0.0217880849,56.6696417757,35.7449397653,False
USD_2X,SOXX_RSI10_R15_H50_LSTOPNONE,2013-01-02,2026-07-20,0.3812336382,0.3029201876,0.0783134506,1.0816071158,1.0242632252,0.0573438906,-0.5292086362,-0.4737382677,-0.0554703685,78.6743095702,35.7449397653,False
USD_2X,SOXX_RSI10_R15_H50_LSTOP12,2013-01-02,2026-07-20,0.3508085455,0.3029201876,0.0478883579,1.0320270405,1.0242632252,0.0077638152,-0.4827014725,-0.4737382677,-0.0089632048,58.2222801309,35.7449397653,False
USD_2X,SOXX_RSI10_R15_H50_LSTOP16,2013-01-02,2026-07-20,0.3738100914,0.3029201876,0.0708899038,1.0736655249,1.0242632252,0.0494022997,-0.4955263526,-0.4737382677,-0.0217880849,73.1475512758,35.7449397653,False
SOXL_3X,SOXX_RSI5_R5_H30_LSTOPNONE,2013-01-02,2026-07-20,0.3697616319,0.3029201876,0.0668414444,1.0644144009,1.0242632252,0.0401511756,-0.4820306261,-0.4737382677,-0.0082923584,70.2872301941,35.7449397653,False
SOXL_3X,SOXX_RSI5_R5_H30_LSTOP12,2013-01-02,2026-07-20,0.3775556525,0.3029201876,0.0746354649,1.0970367348,1.0242632252,0.0727735095,-0.4737382677,-0.4737382677,0.0000000000,75.8894925758,35.7449397653,True
SOXL_3X,SOXX_RSI5_R5_H30_LSTOP16,2013-01-02,2026-07-20,0.3737803999,0.3029201876,0.0708602123,1.0854597427,1.0242632252,0.0611965175,-0.4737382677,-0.4737382677,-0.0000000000,73.1261869219,35.7449397653,False
SOXL_3X,SOXX_RSI5_R5_H40_LSTOPNONE,2013-01-02,2026-07-20,0.4021378755,0.3029201876,0.0992176880,1.1255045552,1.0242632252,0.1012413300,-0.4943914204,-0.4737382677,-0.0206531527,96.3839552226,35.7449397653,False
SOXL_3X,SOXX_RSI5_R5_H40_LSTOP12,2013-01-02,2026-07-20,0.3947458459,0.3029201876,0.0918256583,1.1169493356,1.0242632252,0.0926861103,-0.4737382677,-0.4737382677,0.0000000000,89.7381488135,35.7449397653,True
SOXL_3X,SOXX_RSI5_R5_H40_LSTOP16,2013-01-02,2026-07-20,0.4016778188,0.3029201876,0.0987576312,1.1392940848,1.0242632252,0.1150308596,-0.4737382677,-0.4737382677,0.0000000000,95.9573973217,35.7449397653,True
SOXL_3X,SOXX_RSI5_R5_H50_LSTOPNONE,2013-01-02,2026-07-20,0.3966596293,0.3029201876,0.0937394418,1.0877149754,1.0242632252,0.0634517502,-0.4976360604,-0.4737382677,-0.0238977927,91.4167662749,35.7449397653,False
SOXL_3X,SOXX_RSI5_R5_H50_LSTOP12,2013-01-02,2026-07-20,0.3863991732,0.3029201876,0.0834789856,1.0873382558,1.0242632252,0.0630750306,-0.4807813509,-0.4737382677,-0.0070430832,82.7454495279,35.7449397653,False
SOXL_3X,SOXX_RSI5_R5_H50_LSTOP16,2013-01-02,2026-07-20,0.3919694484,0.3029201876,0.0890492609,1.0957483014,1.0242632252,0.0714850762,-0.4807813509,-0.4737382677,-0.0070430832,87.3536046683,35.7449397653,False
SOXL_3X,SOXX_RSI5_R10_H30_LSTOPNONE,2013-01-02,2026-07-20,0.3570838779,0.3029201876,0.0541636903,1.0727742923,1.0242632252,0.0485110671,-0.4751173750,-0.4737382677,-0.0013791073,61.9862264304,35.7449397653,False
SOXL_3X,SOXX_RSI5_R10_H30_LSTOP12,2013-01-02,2026-07-20,0.3530012058,0.3029201876,0.0500810182,1.0855462741,1.0242632252,0.0612830488,-0.4737382677,-0.4737382677,0.0000000000,59.5126895009,35.7449397653,True
SOXL_3X,SOXX_RSI5_R10_H30_LSTOP16,2013-01-02,2026-07-20,0.3513366615,0.3029201876,0.0484164739,1.0762824392,1.0242632252,0.0520192140,-0.4737382677,-0.4737382677,-0.0000000000,58.5306924078,35.7449397653,False
SOXL_3X,SOXX_RSI5_R10_H40_LSTOPNONE,2013-01-02,2026-07-20,0.3674175965,0.3029201876,0.0644974090,1.0784023984,1.0242632252,0.0541391731,-0.4876431468,-0.4737382677,-0.0139048791,68.6788286150,35.7449397653,False
SOXL_3X,SOXX_RSI5_R10_H40_LSTOP12,2013-01-02,2026-07-20,0.3612876405,0.3029201876,0.0583674529,1.0900268683,1.0242632252,0.0657636431,-0.4737382677,-0.4737382677,0.0000000000,64.6323368459,35.7449397653,True
SOXL_3X,SOXX_RSI5_R10_H40_LSTOP16,2013-01-02,2026-07-20,0.3591028451,0.3029201876,0.0561826575,1.0795114478,1.0242632252,0.0552482226,-0.4737382677,-0.4737382677,0.0000000000,63.2443098566,35.7449397653,True
SOXL_3X,SOXX_RSI5_R10_H50_LSTOPNONE,2013-01-02,2026-07-20,0.3677958579,0.3029201876,0.0648756704,1.0592638199,1.0242632252,0.0350005946,-0.4909310925,-0.4737382677,-0.0171928247,68.9360516282,35.7449397653,False
SOXL_3X,SOXX_RSI5_R10_H50_LSTOP12,2013-01-02,2026-07-20,0.3572056381,0.3029201876,0.0542854505,1.0685196179,1.0242632252,0.0442563927,-0.4737382677,-0.4737382677,-0.0000000000,62.0614374879,35.7449397653,False
SOXL_3X,SOXX_RSI5_R10_H50_LSTOP16,2013-01-02,2026-07-20,0.3549809993,0.3029201876,0.0520608117,1.0539173869,1.0242632252,0.0296541616,-0.4737382677,-0.4737382677,-0.0000000000,60.7005251032,35.7449397653,False
SOXL_3X,SOXX_RSI5_R15_H30_LSTOPNONE,2013-01-02,2026-07-20,0.3495967661,0.3029201876,0.0466765785,1.0879814809,1.0242632252,0.0637182557,-0.4737382677,-0.4737382677,-0.0000000000,57.5202971619,35.7449397653,False
SOXL_3X,SOXX_RSI5_R15_H30_LSTOP12,2013-01-02,2026-07-20,0.3445635237,0.3029201876,0.0416433361,1.0781788930,1.0242632252,0.0539156678,-0.4737382677,-0.4737382677,0.0000000000,54.6875998990,35.7449397653,True
SOXL_3X,SOXX_RSI5_R15_H30_LSTOP16,2013-01-02,2026-07-20,0.3442007981,0.3029201876,0.0412806106,1.0773235012,1.0242632252,0.0530602760,-0.4737382677,-0.4737382677,0.0000000000,54.4885340725,35.7449397653,True
SOXL_3X,SOXX_RSI5_R15_H40_LSTOPNONE,2013-01-02,2026-07-20,0.3678316666,0.3029201876,0.0649114790,1.1142358172,1.0242632252,0.0899725920,-0.4737382677,-0.4737382677,-0.0000000000,68.9604481515,35.7449397653,False
SOXL_3X,SOXX_RSI5_R15_H40_LSTOP12,2013-01-02,2026-07-20,0.3640793492,0.3029201876,0.0611591616,1.1086970124,1.0242632252,0.0844337872,-0.4737382677,-0.4737382677,0.0000000000,66.4469992884,35.7449397653,True
SOXL_3X,SOXX_RSI5_R15_H40_LSTOP16,2013-01-02,2026-07-20,0.3609870157,0.3029201876,0.0580668281,1.1010030110,1.0242632252,0.0767397858,-0.4737382677,-0.4737382677,0.0000000000,64.4396869569,35.7449397653,True
SOXL_3X,SOXX_RSI5_R15_H50_LSTOPNONE,2013-01-02,2026-07-20,0.3691022174,0.3029201876,0.0661820298,1.1005672566,1.0242632252,0.0763040313,-0.4737382677,-0.4737382677,-0.0000000000,69.8312708215,35.7449397653,False
SOXL_3X,SOXX_RSI5_R15_H50_LSTOP12,2013-01-02,2026-07-20,0.3552605621,0.3029201876,0.0523403745,1.0806874914,1.0242632252,0.0564242661,-0.4737382677,-0.4737382677,-0.0000000000,60.8700149019,35.7449397653,False
SOXL_3X,SOXX_RSI5_R15_H50_LSTOP16,2013-01-02,2026-07-20,0.3560560999,0.3029201876,0.0531359124,1.0767280339,1.0242632252,0.0524648086,-0.4737382677,-0.4737382677,-0.0000000000,61.3547244212,35.7449397653,False
SOXL_3X,SOXX_RSI7_R5_H30_LSTOPNONE,2013-01-02,2026-07-20,0.3195381008,0.3029201876,0.0166179133,0.9434707590,1.0242632252,-0.0807924663,-0.5088417271,-0.4737382677,-0.0351034594,42.4236057369,35.7449397653,False
SOXL_3X,SOXX_RSI7_R5_H30_LSTOP12,2013-01-02,2026-07-20,0.3401184262,0.3029201876,0.0371982387,0.9965558115,1.0242632252,-0.0277074137,-0.4975803065,-0.4737382677,-0.0238420388,52.2939030640,35.7449397653,False
SOXL_3X,SOXX_RSI7_R5_H30_LSTOP16,2013-01-02,2026-07-20,0.3426984509,0.3029201876,0.0397782633,1.0000525766,1.0242632252,-0.0242106486,-0.4986147249,-0.4737382677,-0.0248764572,53.6711610885,35.7449397653,False
SOXL_3X,SOXX_RSI7_R5_H40_LSTOPNONE,2013-01-02,2026-07-20,0.3706810550,0.3029201876,0.0677608674,1.0340296692,1.0242632252,0.0097664439,-0.5161274163,-0.4737382677,-0.0423891486,70.9275781599,35.7449397653,False
SOXL_3X,SOXX_RSI7_R5_H40_LSTOP12,2013-01-02,2026-07-20,0.3821405335,0.3029201876,0.0792203459,1.0723316887,1.0242632252,0.0480684635,-0.4975803065,-0.4737382677,-0.0238420388,79.3753649392,35.7449397653,False
SOXL_3X,SOXX_RSI7_R5_H40_LSTOP16,2013-01-02,2026-07-20,0.3894597459,0.3029201876,0.0865395584,1.0879503639,1.0242632252,0.0636871386,-0.5041446815,-0.4737382677,-0.0304064138,85.2487427006,35.7449397653,False
SOXL_3X,SOXX_RSI7_R5_H50_LSTOPNONE,2013-01-02,2026-07-20,0.3963960061,0.3029201876,0.0934758185,1.0591066456,1.0242632252,0.0348434204,-0.5236466581,-0.4737382677,-0.0499083904,91.1838230145,35.7449397653,False
SOXL_3X,SOXX_RSI7_R5_H50_LSTOP12,2013-01-02,2026-07-20,0.3864908078,0.3029201876,0.0835706203,1.0734717303,1.0242632252,0.0492085050,-0.4983935463,-0.4737382677,-0.0246552785,82.8193996896,35.7449397653,False
SOXL_3X,SOXX_RSI7_R5_H50_LSTOP16,2013-01-02,2026-07-20,0.3940665101,0.3029201876,0.0911463226,1.0762695435,1.0242632252,0.0520063183,-0.5041446815,-0.4737382677,-0.0304064138,89.1491867762,35.7449397653,False
SOXL_3X,SOXX_RSI7_R10_H30_LSTOPNONE,2013-01-02,2026-07-20,0.3297053818,0.3029201876,0.0267851942,0.9926152573,1.0242632252,-0.0316479679,-0.5088417271,-0.4737382677,-0.0351034594,47.0611602091,35.7449397653,False
SOXL_3X,SOXX_RSI7_R10_H30_LSTOP12,2013-01-02,2026-07-20,0.3290630956,0.3029201876,0.0261429080,1.0041600437,1.0242632252,-0.0201031815,-0.4977706233,-0.4737382677,-0.0240323555,46.7548456875,35.7449397653,False
SOXL_3X,SOXX_RSI7_R10_H30_LSTOP16,2013-01-02,2026-07-20,0.3378410342,0.3029201876,0.0349208467,1.0178935141,1.0242632252,-0.0063697112,-0.5069695103,-0.4737382677,-0.0332312426,51.1054644470,35.7449397653,False
SOXL_3X,SOXX_RSI7_R10_H40_LSTOPNONE,2013-01-02,2026-07-20,0.3523971837,0.3029201876,0.0494769962,1.0284857824,1.0242632252,0.0042225572,-0.5135904019,-0.4737382677,-0.0398521342,59.1545968674,35.7449397653,False
SOXL_3X,SOXX_RSI7_R10_H40_LSTOP12,2013-01-02,2026-07-20,0.3463660123,0.3029201876,0.0434458247,1.0363798681,1.0242632252,0.0121166429,-0.4977706233,-0.4737382677,-0.0240323555,55.6868427278,35.7449397653,False
SOXL_3X,SOXX_RSI7_R10_H40_LSTOP16,2013-01-02,2026-07-20,0.3570668521,0.3029201876,0.0541466646,1.0534138026,1.0242632252,0.0291505774,-0.5043325116,-0.4737382677,-0.0305942439,61.9757163510,35.7449397653,False
SOXL_3X,SOXX_RSI7_R10_H50_LSTOPNONE,2013-01-02,2026-07-20,0.3681408601,0.3029201876,0.0652206725,1.0463682362,1.0242632252,0.0221050109,-0.5257716277,-0.4737382677,-0.0520333599,69.1714354804,35.7449397653,False
SOXL_3X,SOXX_RSI7_R10_H50_LSTOP12,2013-01-02,2026-07-20,0.3520586802,0.3029201876,0.0491384926,1.0400690222,1.0242632252,0.0158057970,-0.4977706233,-0.4737382677,-0.0240323555,58.9547895160,35.7449397653,False
SOXL_3X,SOXX_RSI7_R10_H50_LSTOP16,2013-01-02,2026-07-20,0.3599851902,0.3029201876,0.0570650026,1.0518011199,1.0242632252,0.0275378947,-0.5043325116,-0.4737382677,-0.0305942439,63.8015173500,35.7449397653,False
SOXL_3X,SOXX_RSI7_R15_H30_LSTOPNONE,2013-01-02,2026-07-20,0.3249280313,0.3029201876,0.0220078438,0.9921242790,1.0242632252,-0.0321389463,-0.5088417271,-0.4737382677,-0.0351034594,44.8265643998,35.7449397653,False
SOXL_3X,SOXX_RSI7_R15_H30_LSTOP12,2013-01-02,2026-07-20,0.3271183102,0.3029201876,0.0241981226,1.0122529867,1.0242632252,-0.0120102386,-0.4977706233,-0.4737382677,-0.0240323555,45.8385743708,35.7449397653,False
SOXL_3X,SOXX_RSI7_R15_H30_LSTOP16,2013-01-02,2026-07-20,0.3330344541,0.3029201876,0.0301142665,1.0179829784,1.0242632252,-0.0062802469,-0.5069695103,-0.4737382677,-0.0332312426,48.6788337355,35.7449397653,False
SOXL_3X,SOXX_RSI7_R15_H40_LSTOPNONE,2013-01-02,2026-07-20,0.3485477036,0.3029201876,0.0456275160,1.0217583879,1.0242632252,-0.0025048373,-0.5135904019,-0.4737382677,-0.0398521342,56.9189141820,35.7449397653,False
SOXL_3X,SOXX_RSI7_R15_H40_LSTOP12,2013-01-02,2026-07-20,0.3495564458,0.3029201876,0.0466362582,1.0464012335,1.0242632252,0.0221380083,-0.4977706233,-0.4737382677,-0.0240323555,57.4970749314,35.7449397653,False
SOXL_3X,SOXX_RSI7_R15_H40_LSTOP16,2013-01-02,2026-07-20,0.3557081685,0.3029201876,0.0527879809,1.0507835873,1.0242632252,0.0265203620,-0.5043325116,-0.4737382677,-0.0305942439,61.1422968264,35.7449397653,False
SOXL_3X,SOXX_RSI7_R15_H50_LSTOPNONE,2013-01-02,2026-07-20,0.3741514307,0.3029201876,0.0712312431,1.0699237230,1.0242632252,0.0456604978,-0.5257716277,-0.4737382677,-0.0520333599,73.3935760786,35.7449397653,False
SOXL_3X,SOXX_RSI7_R15_H50_LSTOP12,2013-01-02,2026-07-20,0.3538593320,0.3029201876,0.0509391444,1.0451333633,1.0242632252,0.0208701380,-0.4977706233,-0.4737382677,-0.0240323555,60.0248795709,35.7449397653,False
SOXL_3X,SOXX_RSI7_R15_H50_LSTOP16,2013-01-02,2026-07-20,0.3655171020,0.3029201876,0.0625969144,1.0596354704,1.0242632252,0.0353722452,-0.5043325116,-0.4737382677,-0.0305942439,67.3998629487,35.7449397653,False
SOXL_3X,SOXX_RSI10_R5_H30_LSTOPNONE,2013-01-02,2026-07-20,0.3384470374,0.3029201876,0.0355268499,0.9670844707,1.0242632252,-0.0571787546,-0.5088417271,-0.4737382677,-0.0351034594,51.4192358246,35.7449397653,False
SOXL_3X,SOXX_RSI10_R5_H30_LSTOP12,2013-01-02,2026-07-20,0.3399876840,0.3029201876,0.0370674964,0.9834656893,1.0242632252,-0.0407975360,-0.5261481170,-0.4737382677,-0.0524098492,52.2249897905,35.7449397653,False
SOXL_3X,SOXX_RSI10_R5_H30_LSTOP16,2013-01-02,2026-07-20,0.3513838285,0.3029201876,0.0484636409,0.9971145954,1.0242632252,-0.0271486298,-0.5123675754,-0.4737382677,-0.0386293077,58.5583107311,35.7449397653,False
SOXL_3X,SOXX_RSI10_R5_H40_LSTOPNONE,2013-01-02,2026-07-20,0.3535329409,0.3029201876,0.0506127534,0.9878017606,1.0242632252,-0.0364614647,-0.5161274163,-0.4737382677,-0.0423891486,59.8295873227,35.7449397653,False
SOXL_3X,SOXX_RSI10_R5_H40_LSTOP12,2013-01-02,2026-07-20,0.3673169659,0.3029201876,0.0643967784,1.0282275385,1.0242632252,0.0039643133,-0.5133524638,-0.4737382677,-0.0396141961,68.6105482486,35.7449397653,False
SOXL_3X,SOXX_RSI10_R5_H40_LSTOP16,2013-01-02,2026-07-20,0.3597487288,0.3029201876,0.0568285412,1.0096121815,1.0242632252,-0.0146510438,-0.5041446815,-0.4737382677,-0.0304064138,63.6517460195,35.7449397653,False
SOXL_3X,SOXX_RSI10_R5_H50_LSTOPNONE,2013-01-02,2026-07-20,0.3754843926,0.3029201876,0.0725642050,1.0096940488,1.0242632252,-0.0145691764,-0.5236466581,-0.4737382677,-0.0499083904,74.3616832440,35.7449397653,False
SOXL_3X,SOXX_RSI10_R5_H50_LSTOP12,2013-01-02,2026-07-20,0.3836744485,0.3029201876,0.0807542609,1.0590426233,1.0242632252,0.0347793981,-0.4983935463,-0.4737382677,-0.0246552785,80.5743051950,35.7449397653,False
SOXL_3X,SOXX_RSI10_R5_H50_LSTOP16,2013-01-02,2026-07-20,0.3760047983,0.3029201876,0.0730846108,1.0279265759,1.0242632252,0.0036633506,-0.5041446815,-0.4737382677,-0.0304064138,74.7428440741,35.7449397653,False
SOXL_3X,SOXX_RSI10_R10_H30_LSTOPNONE,2013-01-02,2026-07-20,0.3255865484,0.3029201876,0.0226663609,0.9571605592,1.0242632252,-0.0671026660,-0.5088417271,-0.4737382677,-0.0351034594,45.1286330145,35.7449397653,False
SOXL_3X,SOXX_RSI10_R10_H30_LSTOP12,2013-01-02,2026-07-20,0.3130924593,0.3029201876,0.0101722718,0.9505286419,1.0242632252,-0.0737345834,-0.4977706233,-0.4737382677,-0.0240323555,39.7067509823,35.7449397653,False
SOXL_3X,SOXX_RSI10_R10_H30_LSTOP16,2013-01-02,2026-07-20,0.3299318339,0.3029201876,0.0270116463,0.9733435553,1.0242632252,-0.0509196699,-0.5069695103,-0.4737382677,-0.0332312426,47.1696004449,35.7449397653,False
SOXL_3X,SOXX_RSI10_R10_H40_LSTOPNONE,2013-01-02,2026-07-20,0.3444694164,0.3029201876,0.0415492288,0.9848208408,1.0242632252,-0.0394423845,-0.5135904019,-0.4737382677,-0.0398521342,54.6358886947,35.7449397653,False
SOXL_3X,SOXX_RSI10_R10_H40_LSTOP12,2013-01-02,2026-07-20,0.3375573824,0.3029201876,0.0346371948,0.9980760686,1.0242632252,-0.0261871566,-0.4977706233,-0.4737382677,-0.0240323555,50.9592075435,35.7449397653,False
SOXL_3X,SOXX_RSI10_R10_H40_LSTOP16,2013-01-02,2026-07-20,0.3453030274,0.3029201876,0.0423828398,0.9997846103,1.0242632252,-0.0244786149,-0.5043325116,-0.4737382677,-0.0305942439,55.0955315042,35.7449397653,False
SOXL_3X,SOXX_RSI10_R10_H50_LSTOPNONE,2013-01-02,2026-07-20,0.3646227504,0.3029201876,0.0617025628,1.0069361922,1.0242632252,-0.0173270330,-0.5257716277,-0.4737382677,-0.0520333599,66.8056596477,35.7449397653,False
SOXL_3X,SOXX_RSI10_R10_H50_LSTOP12,2013-01-02,2026-07-20,0.3566489877,0.3029201876,0.0537288002,1.0284194686,1.0242632252,0.0041562434,-0.4977706233,-0.4737382677,-0.0240323555,61.7182840221,35.7449397653,False
SOXL_3X,SOXX_RSI10_R10_H50_LSTOP16,2013-01-02,2026-07-20,0.3524384276,0.3029201876,0.0495182400,1.0032860554,1.0242632252,-0.0209771699,-0.5043325116,-0.4737382677,-0.0305942439,59.1789845501,35.7449397653,False
SOXL_3X,SOXX_RSI10_R15_H30_LSTOPNONE,2013-01-02,2026-07-20,0.3226968137,0.3029201876,0.0197766261,0.9665232719,1.0242632252,-0.0577399533,-0.5088417271,-0.4737382677,-0.0351034594,43.8169446133,35.7449397653,False
SOXL_3X,SOXX_RSI10_R15_H30_LSTOP12,2013-01-02,2026-07-20,0.3261908436,0.3029201876,0.0232706561,0.9947592838,1.0242632252,-0.0295039414,-0.4977706233,-0.4737382677,-0.0240323555,45.4074868977,35.7449397653,False
SOXL_3X,SOXX_RSI10_R15_H30_LSTOP16,2013-01-02,2026-07-20,0.3270326265,0.3029201876,0.0241124390,0.9835791534,1.0242632252,-0.0406840718,-0.5069695103,-0.4737382677,-0.0332312426,45.7985902091,35.7449397653,False
SOXL_3X,SOXX_RSI10_R15_H40_LSTOPNONE,2013-01-02,2026-07-20,0.3513854187,0.3029201876,0.0484652312,1.0099862782,1.0242632252,-0.0142769470,-0.5135904019,-0.4737382677,-0.0398521342,58.5592421194,35.7449397653,False
SOXL_3X,SOXX_RSI10_R15_H40_LSTOP12,2013-01-02,2026-07-20,0.3558735680,0.3029201876,0.0529533804,1.0456883408,1.0242632252,0.0214251155,-0.4977706233,-0.4737382677,-0.0240323555,61.2431954868,35.7449397653,False
SOXL_3X,SOXX_RSI10_R15_H40_LSTOP16,2013-01-02,2026-07-20,0.3547255913,0.3029201876,0.0518054037,1.0303224524,1.0242632252,0.0060592272,-0.5043325116,-0.4737382677,-0.0305942439,60.5460616843,35.7449397653,False
SOXL_3X,SOXX_RSI10_R15_H50_LSTOPNONE,2013-01-02,2026-07-20,0.3907094775,0.3029201876,0.0877892899,1.0965409052,1.0242632252,0.0722776799,-0.5257716277,-0.4737382677,-0.0520333599,86.2909374630,35.7449397653,False
SOXL_3X,SOXX_RSI10_R15_H50_LSTOP12,2013-01-02,2026-07-20,0.3679434791,0.3029201876,0.0650232915,1.0606265743,1.0242632252,0.0363633491,-0.4977706233,-0.4737382677,-0.0240323555,69.0366778255,35.7449397653,False
SOXL_3X,SOXX_RSI10_R15_H50_LSTOP16,2013-01-02,2026-07-20,0.3819711081,0.3029201876,0.0790509206,1.0865174062,1.0242632252,0.0622541810,-0.5043325116,-0.4737382677,-0.0305942439,79.2439566167,35.7449397653,False
