route,years,start,end,cagr,benchmark_cagr,cagr_delta,sharpe,benchmark_sharpe,sharpe_delta,maxdd,benchmark_maxdd,maxdd_improvement,terminal,benchmark_terminal
USD_2X,3,2013-01-02,2015-12-31,0.2065650539,0.1986094822,0.0079555716,0.8888534336,1.0097466834,-0.1208932498,-0.3566641280,-0.2685866958,-0.0880774322,1.7565164755,1.7219999214
USD_2X,3,2013-04-02,2016-04-01,0.1899625598,0.1810368067,0.0089257531,0.8140873925,0.8993609384,-0.0852735459,-0.3566641280,-0.2685866958,-0.0880774322,1.6861632789,1.6484548520
USD_2X,3,2013-07-02,2016-07-01,0.1518683542,0.1490443870,0.0028239673,0.6849134953,0.7689406351,-0.0840271398,-0.3566641280,-0.2685866958,-0.0880774322,1.5291574423,1.5179233738
USD_2X,3,2013-10-02,2016-09-30,0.2337428921,0.2094713437,0.0242715484,0.9387587744,0.9999228779,-0.0611641035,-0.3566641280,-0.2685866958,-0.0880774322,1.8779066109,1.7692399971
USD_2X,3,2014-01-02,2016-12-30,0.2333142666,0.2112198380,0.0220944286,0.9183235258,0.9835467069,-0.0652231812,-0.3566641280,-0.2685866958,-0.0880774322,1.8759500304,1.7769242975
USD_2X,3,2014-04-02,2017-03-31,0.2311923390,0.2075359454,0.0236563936,0.9127169780,0.9738267149,-0.0611097369,-0.3566641280,-0.2685866958,-0.0880774322,1.8662839167,1.7607601579
USD_2X,3,2014-07-02,2017-06-30,0.2055655777,0.1880512671,0.0175143106,0.8247593860,0.8869302532,-0.0621708672,-0.3566641280,-0.2685866958,-0.0880774322,1.7521549804,1.6768937478
USD_2X,3,2014-10-02,2017-10-02,0.2777583740,0.2531216634,0.0246367106,1.0331435212,1.1229111520,-0.0897676308,-0.3566641280,-0.2685866958,-0.0880774322,2.0861532443,1.9677943705
USD_2X,3,2015-01-02,2018-01-02,0.2585149402,0.2489626947,0.0095522455,1.0090857768,1.1328753480,-0.1237895712,-0.3566641280,-0.2685866958,-0.0880774322,1.9933112902,1.9482666654
USD_2X,3,2015-04-02,2018-04-02,0.2351080141,0.2467618965,-0.0116538824,0.9216967591,1.1034743958,-0.1817776367,-0.3566641280,-0.2685866958,-0.0880774322,1.8825690329,1.9362902981
USD_2X,3,2015-07-02,2018-07-02,0.2713385178,0.2638630097,0.0074755080,1.0010911407,1.1403453812,-0.1392542405,-0.2734689802,-0.1970826405,-0.0763863397,2.0548665145,2.0188312088
USD_2X,3,2015-10-02,2018-10-02,0.4159710721,0.3446826906,0.0712883815,1.4357039105,1.5008956335,-0.0651917230,-0.1970826405,-0.1970826405,0.0000000000,2.8389852934,2.4314169695
USD_2X,3,2016-01-04,2019-01-02,0.2406096436,0.2201535618,0.0204560818,0.8893357590,0.9702038789,-0.0808681198,-0.3157525718,-0.2387244615,-0.0770281103,1.9078045935,1.8151000195
USD_2X,3,2016-04-04,2019-04-02,0.3250350166,0.3031868674,0.0218481492,1.1240705745,1.2668680977,-0.1427975232,-0.3157525718,-0.2387244615,-0.0770281103,2.3237908498,2.2108725554
USD_2X,3,2016-07-05,2019-07-02,0.3268927373,0.3129757942,0.0139169431,1.0981381429,1.2620661199,-0.1639279770,-0.3157525718,-0.2387244615,-0.0770281103,2.3309478842,2.2585599012
USD_2X,3,2016-10-03,2019-10-02,0.2306244478,0.2367884249,-0.0061639771,0.8333135456,0.9987032318,-0.1653896862,-0.3157525718,-0.2387244615,-0.0770281103,1.8621684952,1.8902532110
USD_2X,3,2017-01-03,2020-01-02,0.2833341048,0.2863238789,-0.0029897741,0.9760581900,1.1656266558,-0.1895684658,-0.3157525718,-0.2387244615,-0.0770281103,2.1114912595,2.1262634094
USD_2X,3,2017-04-03,2020-04-02,0.0907016855,0.1478542027,-0.0571525171,0.4241548782,0.6250979037,-0.2009430255,-0.4584740553,-0.3517952443,-0.1066788110,1.2975316281,1.5123774246
USD_2X,3,2017-07-03,2020-07-02,0.1971988464,0.2656327412,-0.0684338948,0.6784407212,0.9268258211,-0.2483850998,-0.4584740553,-0.3517952443,-0.1066788110,1.7159272416,2.0273237295
USD_2X,3,2017-10-02,2020-10-02,0.1954219435,0.2565292164,-0.0611072729,0.6630959357,0.8885282876,-0.2254323519,-0.4584740553,-0.3517952443,-0.1066788110,1.7095086188,1.9856893905
USD_2X,3,2018-01-02,2020-12-31,0.2623312205,0.3241859237,-0.0618547032,0.7975167154,1.0456927311,-0.2481760157,-0.4584740553,-0.3517952443,-0.1066788110,2.0114996923,2.3219181206
USD_2X,3,2018-04-02,2021-04-01,0.3694985841,0.3745193186,-0.0050207346,0.9963878432,1.1509558996,-0.1545680563,-0.4584740553,-0.3517952443,-0.1066788110,2.5717377141,2.6001641261
USD_2X,3,2018-07-02,2021-07-02,0.3854822918,0.3830470418,0.0024352500,1.0234371219,1.1684561987,-0.1450190768,-0.4584740553,-0.3517952443,-0.1066788110,2.6629612487,2.6489254328
USD_2X,3,2018-10-02,2021-10-01,0.3416654170,0.3533573655,-0.0116919485,0.9380898042,1.0961309512,-0.1580411470,-0.4584740553,-0.3517952443,-0.1066788110,2.4150864230,2.4787770851
USD_2X,3,2019-01-02,2021-12-31,0.6595439368,0.5420515443,0.1174923925,1.4922644478,1.5377465619,-0.0454821141,-0.4584740553,-0.3517952443,-0.1066788110,4.5797232654,3.6731874851
USD_2X,3,2019-04-02,2022-04-01,0.4631589004,0.3513180358,0.1118408646,1.1198584491,1.0658738174,0.0539846317,-0.4584740553,-0.3517952443,-0.1066788110,3.1418562994,2.4734918189
USD_2X,3,2019-07-02,2022-07-01,0.2651780312,0.1862047526,0.0789732786,0.7660005769,0.6642030104,0.1017975665,-0.4584740553,-0.4089719593,-0.0495020960,2.0270305310,1.6702183993
USD_2X,3,2019-10-02,2022-09-30,0.2419937852,0.1687516058,0.0732421794,0.7225665627,0.6169546479,0.1056119148,-0.4584740553,-0.4213109398,-0.0371631155,1.9158357279,1.5964916880
USD_2X,3,2020-01-02,2022-12-30,0.1850220253,0.1278178859,0.0572041394,0.6052811978,0.5071814858,0.0980997120,-0.4811891355,-0.4737382677,-0.0074508678,1.6640994121,1.4345541069
USD_2X,3,2020-04-02,2023-03-31,0.5013944119,0.3332509214,0.1681434906,1.1824379429,0.9886050363,0.1938329066,-0.4811891355,-0.4737382677,-0.0074508678,3.3789674578,2.3672274889
USD_2X,3,2020-07-02,2023-06-30,0.4520512647,0.2459996731,0.2060515915,1.0932825717,0.8103224891,0.2829600825,-0.4811891355,-0.4737382677,-0.0074508678,3.0525323639,1.9310597262
USD_2X,3,2020-10-02,2023-10-02,0.3288085216,0.1703277084,0.1584808132,0.8784965531,0.6282680275,0.2502285256,-0.4811891355,-0.4737382677,-0.0074508678,2.3410320170,1.6009594768
USD_2X,3,2021-01-04,2024-01-02,0.3113783007,0.1375836176,0.1737946831,0.8482605126,0.5469850945,0.3012754181,-0.4811891355,-0.4737382677,-0.0074508678,2.2503477227,1.4706376332
USD_2X,3,2021-04-05,2024-04-02,0.3380205980,0.1535797853,0.1844408126,0.9032324485,0.5891888291,0.3140436194,-0.4811891355,-0.4737382677,-0.0074508678,2.3899274888,1.5333823846
USD_2X,3,2021-07-02,2024-07-02,0.4352168327,0.1978880717,0.2373287610,1.0577137539,0.6980586565,0.3596550974,-0.4811891355,-0.4737382677,-0.0074508678,2.9478622169,1.7164310802
USD_2X,3,2021-10-04,2024-10-02,0.3438422541,0.1616944151,0.1821478390,0.8767354987,0.5973482679,0.2793872308,-0.4811891355,-0.4737382677,-0.0074508678,2.4211753286,1.5658822530
USD_2X,3,2022-01-03,2025-01-02,0.2185040034,0.0723441735,0.1461598299,0.6634548762,0.3742401392,0.2892147370,-0.4788706629,-0.4713864986,-0.0074841644,1.8063408971,1.2324288088
USD_2X,3,2022-04-04,2025-04-02,0.1975022990,0.0600920156,0.1374102834,0.6324213715,0.3419589484,0.2904624230,-0.4258545421,-0.3733883880,-0.0524661541,1.7123265309,1.1902232012
USD_2X,3,2022-07-05,2025-07-02,0.5056032364,0.3182414571,0.1873617793,1.1429663537,0.9479033439,0.1950630098,-0.4759743465,-0.4279036477,-0.0480706988,3.3908674755,2.2807632927
USD_2X,3,2022-10-03,2025-10-02,0.5920316371,0.3938544274,0.1981772096,1.2682332194,1.1167736128,0.1514596066,-0.4759743465,-0.4279036477,-0.0480706988,4.0128312297,2.6973380743
USD_2X,3,2023-01-03,2026-01-02,0.6093456700,0.4082247527,0.2011209173,1.3087606749,1.1782585250,0.1305021499,-0.4759743465,-0.4279036477,-0.0480706988,4.1446503299,2.7812883508
USD_2X,3,2023-04-03,2026-04-02,0.4466985997,0.3341160584,0.1125825413,1.0507501096,1.0051513702,0.0455987395,-0.4759743465,-0.4279036477,-0.0480706988,3.0145668609,2.3664124138
USD_2X,3,2023-07-03,2026-07-02,0.6160986848,0.5211460353,0.0949526495,1.2794517467,1.3237217632,-0.0442700165,-0.4759743465,-0.4279036477,-0.0480706988,4.1968347578,3.5022248735
USD_2X,5,2013-01-02,2018-01-02,0.3357197016,0.2854579607,0.0502617409,1.3026410389,1.3560466299,-0.0534055911,-0.3566641280,-0.2685866958,-0.0880774322,4.2518375092,3.5098567423
USD_2X,5,2013-04-02,2018-04-02,0.2970589585,0.2622486473,0.0348103111,1.1395542067,1.2283032146,-0.0887490079,-0.3566641280,-0.2685866958,-0.0880774322,3.6711200613,3.2042365487
USD_2X,5,2013-07-02,2018-07-02,0.2800839511,0.2485077341,0.0315762169,1.0686887033,1.1606955384,-0.0920068351,-0.3566641280,-0.2685866958,-0.0880774322,3.4371007567,3.0335851180
USD_2X,5,2013-10-02,2018-10-02,0.2770061728,0.2439845588,0.0330216140,1.0496894852,1.1376706567,-0.0879811715,-0.3566641280,-0.2685866958,-0.0880774322,3.3959788967,2.9790304897
USD_2X,5,2014-01-02,2019-01-02,0.1771925571,0.1790004726,-0.0018079154,0.7205737407,0.8372939838,-0.1167202431,-0.3566641280,-0.2685866958,-0.0880774322,2.2592089354,2.2765967430
USD_2X,5,2014-04-02,2019-04-02,0.2072810035,0.2096915597,-0.0024105563,0.8071604753,0.9405942261,-0.1334337508,-0.3566641280,-0.2685866958,-0.0880774322,2.5628146567,2.5884821741
USD_2X,5,2014-07-02,2019-07-02,0.1872203241,0.1955413886,-0.0083210645,0.7360130103,0.8744699528,-0.1384569425,-0.3566641280,-0.2685866958,-0.0880774322,2.3570069023,2.4407049501
USD_2X,5,2014-10-02,2019-10-02,0.2039715078,0.2115137067,-0.0075421989,0.7737053220,0.9191282189,-0.1454228968,-0.3566641280,-0.2685866958,-0.0880774322,2.5279072841,2.6080204465
USD_2X,5,2015-01-02,2020-01-02,0.2248351789,0.2357524419,-0.0109172630,0.8394204584,1.0099637149,-0.1705432565,-0.3566641280,-0.2685866958,-0.0880774322,2.7544744125,2.8793375376
USD_2X,5,2015-04-02,2020-04-02,0.1368037324,0.1777154571,-0.0409117248,0.5637267447,0.7536559270,-0.1899291823,-0.4584740553,-0.3517952443,-0.1066788110,1.8985736717,2.2656972386
USD_2X,5,2015-07-02,2020-07-02,0.2213983530,0.2601659212,-0.0387675682,0.7749829458,0.9742856889,-0.1993027431,-0.4584740553,-0.3517952443,-0.1066788110,2.7182328096,3.1778884885
USD_2X,5,2015-10-02,2020-10-02,0.3267085989,0.3244644316,0.0022441673,1.0206306965,1.1625641463,-0.1419334498,-0.4584740553,-0.3517952443,-0.1066788110,4.1103397394,4.0756933347
USD_2X,5,2016-01-04,2020-12-31,0.3648962207,0.3576784567,0.0072177640,1.0932301288,1.2462219308,-0.1529918020,-0.4584740553,-0.3517952443,-0.1066788110,4.7310991158,4.6074185013
USD_2X,5,2016-04-04,2021-04-01,0.4219354168,0.3879995577,0.0339358591,1.1881637369,1.3106452212,-0.1224814843,-0.4584740553,-0.3517952443,-0.1066788110,5.8048725846,5.1449552499
USD_2X,5,2016-07-05,2021-07-02,0.4252072139,0.3906049558,0.0346022581,1.1807970102,1.3065251738,-0.1257281636,-0.4584740553,-0.3517952443,-0.1066788110,5.8719105707,5.1933859063
USD_2X,5,2016-10-03,2021-10-01,0.3407920843,0.3292162756,0.0115758087,1.0045182883,1.1445747483,-0.1400564600,-0.4584740553,-0.3517952443,-0.1066788110,4.3281448219,4.1446493411
USD_2X,5,2017-01-03,2021-12-31,0.4063154524,0.3623509029,0.0439645495,1.1313392036,1.2219567903,-0.0906175867,-0.4584740553,-0.3517952443,-0.1066788110,5.4932088840,4.6871842617
USD_2X,5,2017-04-03,2022-04-01,0.3361568019,0.2912292547,0.0449275472,0.9568498463,0.9936534867,-0.0368036404,-0.4584740553,-0.3517952443,-0.1066788110,4.2587989104,3.5893580708
USD_2X,5,2017-07-03,2022-07-01,0.2262719031,0.1968997541,0.0293721489,0.7217957456,0.7283015024,-0.0065057567,-0.4584740553,-0.4089719593,-0.0495020960,2.7706543754,2.4545909900
USD_2X,5,2017-10-02,2022-09-30,0.1875961337,0.1645494126,0.0230467210,0.6363912264,0.6346864067,0.0017048198,-0.4584740553,-0.4213109398,-0.0371631155,2.3607368027,2.1405583552
USD_2X,5,2018-01-02,2022-12-30,0.1906961604,0.1703450593,0.0203511010,0.6350794941,0.6347407628,0.0003387313,-0.4811891355,-0.4737382677,-0.0074508678,2.3916849374,2.1943128350
USD_2X,5,2018-04-02,2023-03-31,0.2594828964,0.2127776641,0.0467052323,0.7748466893,0.7390254859,0.0358212035,-0.4811891355,-0.4737382677,-0.0074508678,3.1692855538,2.6236503062
USD_2X,5,2018-07-02,2023-06-30,0.3239206696,0.2501748762,0.0737457934,0.8896569627,0.8246863047,0.0649706580,-0.4811891355,-0.4737382677,-0.0074508678,4.0582860445,3.0484861452
USD_2X,5,2018-10-02,2023-10-02,0.2775995726,0.2191896585,0.0584099141,0.7937331298,0.7462932638,0.0474398660,-0.4811891355,-0.4737382677,-0.0074508678,3.3972646984,2.6895105096
USD_2X,5,2019-01-02,2024-01-02,0.4119005265,0.3027268349,0.1091736916,1.0397071590,0.9519035357,0.0878036233,-0.4811891355,-0.4737382677,-0.0074508678,5.6030698962,3.7480987895
USD_2X,5,2019-04-02,2024-04-02,0.4336659628,0.2933321251,0.1403338377,1.0677019830,0.9243040899,0.1433978931,-0.4811891355,-0.4737382677,-0.0074508678,6.0481011765,3.6149894304
USD_2X,5,2019-07-02,2024-07-02,0.4876047581,0.3130413943,0.1745633638,1.1462960524,0.9686865735,0.1776094790,-0.4811891355,-0.4737382677,-0.0074508678,7.2736654095,3.8987261366
USD_2X,5,2019-10-02,2024-10-02,0.4093509696,0.2779623143,0.1313886553,0.9992065756,0.8760862329,0.1231203426,-0.4811891355,-0.4737382677,-0.0074508678,5.5527030297,3.4053954004
USD_2X,5,2020-01-02,2025-01-02,0.3601837808,0.2196112017,0.1405725791,0.9166281775,0.7408416849,0.1757864926,-0.4811891355,-0.4737382677,-0.0074508678,4.6500520087,2.6962792797
USD_2X,5,2020-04-02,2025-04-02,0.4239115544,0.2404699600,0.1834415944,1.0403810879,0.8051968370,0.2351842509,-0.4811891355,-0.4737382677,-0.0074508678,5.8289172783,2.9296594229
USD_2X,5,2020-07-02,2025-07-02,0.4105299636,0.2300644141,0.1804655495,1.0091337674,0.7687431136,0.2403906538,-0.4811891355,-0.4737382677,-0.0074508678,5.5531631512,2.8068024450
USD_2X,5,2020-10-02,2025-10-02,0.4118346098,0.2400072328,0.1718273769,1.0159539412,0.7943231836,0.2216307576,-0.4811891355,-0.4737382677,-0.0074508678,5.5788103633,2.9217171358
USD_2X,5,2021-01-04,2026-01-02,0.3771320038,0.2139669274,0.1631650764,0.9557659708,0.7280649677,0.2277010031,-0.4811891355,-0.4737382677,-0.0074508678,4.9280135625,2.6284375284
USD_2X,5,2021-04-05,2026-04-02,0.3012326599,0.1908029065,0.1104297534,0.8237894962,0.6709744643,0.1528150319,-0.4811891355,-0.4737382677,-0.0074508678,3.7150068419,2.3877872138
USD_2X,5,2021-07-02,2026-07-02,0.4529047197,0.3236716165,0.1292331032,1.0598320289,0.9454359878,0.1143960410,-0.4811891355,-0.4737382677,-0.0074508678,6.4263841379,4.0409642380
USD_2X,10,2013-01-02,2022-12-30,0.2576472403,0.2233866533,0.0342605870,0.8546587985,0.8658553601,-0.0111965615,-0.4811891355,-0.4737382677,-0.0074508678,9.8809402274,7.4979481310
USD_2X,10,2013-04-02,2023-03-31,0.2828788120,0.2395766816,0.0433021304,0.9071888348,0.9058472766,0.0013415582,-0.4811891355,-0.4737382677,-0.0074508678,12.0622136304,8.5578337678
USD_2X,10,2013-07-02,2023-06-30,0.2994404108,0.2470551011,0.0523853097,0.9328971261,0.9208125860,0.0120845401,-0.4811891355,-0.4737382677,-0.0074508678,13.6838858718,9.0722484678
USD_2X,10,2013-10-02,2023-10-02,0.2762723824,0.2307742082,0.0454981743,0.8699540229,0.8682309409,0.0017230820,-0.4811891355,-0.4737382677,-0.0074508678,11.4333233147,7.9562846931
USD_2X,10,2014-01-02,2024-01-02,0.2888269310,0.2389268276,0.0499001034,0.8934887940,0.8879402122,0.0055485818,-0.4811891355,-0.4737382677,-0.0074508678,12.6076511565,8.4986292927
USD_2X,10,2014-04-02,2024-04-02,0.3140471883,0.2492991176,0.0647480707,0.9416702228,0.9098755008,0.0317947220,-0.4811891355,-0.4737382677,-0.0074508678,15.3002165563,9.2366298788
USD_2X,10,2014-07-02,2024-07-02,0.3312288161,0.2542396745,0.0769891416,0.9674212300,0.9187439799,0.0486772501,-0.4811891355,-0.4737382677,-0.0074508678,17.4199899502,9.6080255028
USD_2X,10,2014-10-02,2024-10-02,0.3045011098,0.2454240935,0.0590770163,0.8954415477,0.8816091924,0.0138323553,-0.4811891355,-0.4737382677,-0.0074508678,14.2255868162,8.9544291038
USD_2X,10,2015-01-02,2025-01-02,0.2922307639,0.2286874323,0.0635433317,0.8710683139,0.8368431815,0.0342251325,-0.4811891355,-0.4737382677,-0.0074508678,12.9442020388,7.8225686296
USD_2X,10,2015-04-02,2025-04-02,0.2675987004,0.2043337532,0.0632649472,0.8187747366,0.7650536160,0.0537211205,-0.4811891355,-0.4737382677,-0.0074508678,10.6704619436,6.4001018661
USD_2X,10,2015-07-02,2025-07-02,0.3106937619,0.2431256280,0.0675681340,0.8960814954,0.8494997521,0.0465817433,-0.4811891355,-0.4737382677,-0.0074508678,14.8826733915,8.7755612242
USD_2X,10,2015-10-02,2025-10-02,0.3677929809,0.2811168212,0.0866761597,1.0078697957,0.9496819668,0.0581878288,-0.4811891355,-0.4737382677,-0.0074508678,22.7774389043,11.8509356086
USD_2X,10,2016-01-04,2026-01-02,0.3709931646,0.2838990312,0.0870941333,1.0081943732,0.9498666126,0.0583277605,-0.4811891355,-0.4737382677,-0.0074508678,23.3149206080,12.1103116980
USD_2X,10,2016-04-04,2026-04-02,0.3603178299,0.2857433844,0.0745744455,0.9799007076,0.9480776600,0.0318230475,-0.4811891355,-0.4737382677,-0.0074508678,21.5651413678,12.2850583615
USD_2X,10,2016-07-05,2026-07-02,0.4384889838,0.3565906672,0.0818983166,1.1049610657,1.0929576644,0.0120034012,-0.4811891355,-0.4737382677,-0.0074508678,37.5559809989,20.9319223825
SOXL_3X,3,2013-01-02,2015-12-31,0.2399678991,0.1986094822,0.0413584169,0.9456768706,1.0097466834,-0.0640698128,-0.3761584862,-0.2685866958,-0.1075717904,1.9064759290,1.7219999214
SOXL_3X,3,2013-04-02,2016-04-01,0.2222886953,0.1810368067,0.0412518886,0.8736017800,0.8993609384,-0.0257591584,-0.3761584862,-0.2685866958,-0.1075717904,1.8275417746,1.6484548520
SOXL_3X,3,2013-07-02,2016-07-01,0.1819640792,0.1490443870,0.0329196922,0.7477799289,0.7689406351,-0.0211607061,-0.3761584862,-0.2685866958,-0.1075717904,1.6523458225,1.5179233738
SOXL_3X,3,2013-10-02,2016-09-30,0.2555255852,0.2094713437,0.0460542415,0.9562436327,0.9999228779,-0.0436792452,-0.3761584862,-0.2685866958,-0.1075717904,1.9791408446,1.7692399971
SOXL_3X,3,2014-01-02,2016-12-30,0.2605647493,0.2112198380,0.0493449113,0.9496051240,0.9835467069,-0.0339415829,-0.3761584862,-0.2685866958,-0.1075717904,2.0030669937,1.7769242975
SOXL_3X,3,2014-04-02,2017-03-31,0.2625255728,0.2075359454,0.0549896274,0.9567500005,0.9738267149,-0.0170767144,-0.3761584862,-0.2685866958,-0.1075717904,2.0124289252,1.7607601579
SOXL_3X,3,2014-07-02,2017-06-30,0.2429791335,0.1880512671,0.0549278664,0.8945305415,0.8869302532,0.0076002883,-0.3761584862,-0.2685866958,-0.1075717904,1.9203991891,1.6768937478
SOXL_3X,3,2014-10-02,2017-10-02,0.3145344638,0.2531216634,0.0614128004,1.0840491448,1.1229111520,-0.0388620072,-0.3761584862,-0.2685866958,-0.1075717904,2.2715166792,1.9677943705
SOXL_3X,3,2015-01-02,2018-01-02,0.2905284818,0.2489626947,0.0415657871,1.0556750509,1.1328753480,-0.0772002971,-0.3761584862,-0.2685866958,-0.1075717904,2.1493284207,1.9482666654
SOXL_3X,3,2015-04-02,2018-04-02,0.2732528359,0.2467618965,0.0264909395,0.9942794276,1.1034743958,-0.1091949682,-0.3761584862,-0.2685866958,-0.1075717904,2.0621850236,1.9362902981
SOXL_3X,3,2015-07-02,2018-07-02,0.3087019865,0.2638630097,0.0448389767,1.0656613327,1.1403453812,-0.0746840485,-0.2915017781,-0.1970826405,-0.0944191376,2.2414150562,2.0188312088
SOXL_3X,3,2015-10-02,2018-10-02,0.4440152490,0.3446826906,0.0993325584,1.5020158606,1.5008956335,0.0011202271,-0.1970826405,-0.1970826405,0.0000000000,3.0110317736,2.4314169695
SOXL_3X,3,2016-01-04,2019-01-02,0.2697149770,0.2201535618,0.0495614152,0.9670296453,0.9702038789,-0.0031742336,-0.3051837431,-0.2387244615,-0.0664592816,2.0450653687,1.8151000195
SOXL_3X,3,2016-04-04,2019-04-02,0.3561210122,0.3031868674,0.0529341449,1.2016989083,1.2668680977,-0.0651691895,-0.3051837431,-0.2387244615,-0.0664592816,2.4909805791,2.2108725554
SOXL_3X,3,2016-07-05,2019-07-02,0.3614231467,0.3129757942,0.0484473525,1.1806004410,1.2620661199,-0.0814656789,-0.3051837431,-0.2387244615,-0.0664592816,2.5171897400,2.2585599012
SOXL_3X,3,2016-10-03,2019-10-02,0.2709558856,0.2367884249,0.0341674607,0.9375946682,0.9987032318,-0.0611085637,-0.3051837431,-0.2387244615,-0.0664592816,2.0510592852,1.8902532110
SOXL_3X,3,2017-01-03,2020-01-02,0.3215219478,0.2863238789,0.0351980689,1.0752232237,1.1656266558,-0.0904034321,-0.3051837431,-0.2387244615,-0.0664592816,2.3053808798,2.1262634094
SOXL_3X,3,2017-04-03,2020-04-02,0.1133631172,0.1478542027,-0.0344910854,0.4821459677,0.6250979037,-0.1429519360,-0.4491772119,-0.3517952443,-0.0973819677,1.3800997924,1.5123774246
SOXL_3X,3,2017-07-03,2020-07-02,0.2215404907,0.2656327412,-0.0440922505,0.7317673801,0.9268258211,-0.1950584409,-0.4491772119,-0.3517952443,-0.0973819677,1.8227352882,2.0273237295
SOXL_3X,3,2017-10-02,2020-10-02,0.2239391239,0.2565292164,-0.0325900925,0.7258945980,0.8885282876,-0.1626336897,-0.4491772119,-0.3517952443,-0.0973819677,1.8349646651,1.9856893905
SOXL_3X,3,2018-01-02,2020-12-31,0.3117504062,0.3241859237,-0.0124355175,0.8972464024,1.0456927311,-0.1484463287,-0.4491772119,-0.3517952443,-0.0973819677,2.2571146626,2.3219181206
SOXL_3X,3,2018-04-02,2021-04-01,0.4228227196,0.3745193186,0.0483034010,1.0936573024,1.1509558996,-0.0572985972,-0.4491772119,-0.3517952443,-0.0973819677,2.8844307406,2.6001641261
SOXL_3X,3,2018-07-02,2021-07-02,0.4206823264,0.3830470418,0.0376352846,1.0848295671,1.1684561987,-0.0836266316,-0.4491772119,-0.3517952443,-0.0973819677,2.8714157624,2.6489254328
SOXL_3X,3,2018-10-02,2021-10-01,0.3707216060,0.3533573655,0.0173642405,0.9908877270,1.0961309512,-0.1052432242,-0.4491772119,-0.3517952443,-0.0973819677,2.5754182875,2.4787770851
SOXL_3X,3,2019-01-02,2021-12-31,0.6592678126,0.5420515443,0.1172162683,1.4941629525,1.5377465619,-0.0435836094,-0.4491772119,-0.3517952443,-0.0973819677,4.5774346233,3.6731874851
SOXL_3X,3,2019-04-02,2022-04-01,0.4468356909,0.3513180358,0.0955176552,1.0958168795,1.0658738174,0.0299430621,-0.4491772119,-0.3517952443,-0.0973819677,3.0376015722,2.4734918189
SOXL_3X,3,2019-07-02,2022-07-01,0.2503252829,0.1862047526,0.0641205303,0.7403384506,0.6642030104,0.0761354401,-0.4491772119,-0.4089719593,-0.0402052527,1.9563837706,1.6702183993
SOXL_3X,3,2019-10-02,2022-09-30,0.2251250502,0.1687516058,0.0563734443,0.6921870417,0.6169546479,0.0752323938,-0.4491772119,-0.4213109398,-0.0278662721,1.8388286427,1.5964916880
SOXL_3X,3,2020-01-02,2022-12-30,0.1623054335,0.1278178859,0.0344875477,0.5623253092,0.5071814858,0.0551438234,-0.4975803065,-0.4737382677,-0.0238420388,1.5702210825,1.4345541069
SOXL_3X,3,2020-04-02,2023-03-31,0.4592529903,0.3332509214,0.1260020689,1.1231725243,0.9886050363,0.1345674881,-0.4975803065,-0.4737382677,-0.0238420388,3.1027048456,2.3672274889
SOXL_3X,3,2020-07-02,2023-06-30,0.3837779285,0.2459996731,0.1377782554,0.9905657551,0.8103224891,0.1802432659,-0.4975803065,-0.4737382677,-0.0238420388,2.6428932586,1.9310597262
SOXL_3X,3,2020-10-02,2023-10-02,0.2538216741,0.1703277084,0.0834939658,0.7503728198,0.6282680275,0.1221047923,-0.4975803065,-0.4737382677,-0.0238420388,1.9675585732,1.6009594768
SOXL_3X,3,2021-01-04,2024-01-02,0.2208718068,0.1375836176,0.0832881892,0.6873010696,0.5469850945,0.1403159751,-0.4975803065,-0.4737382677,-0.0238420388,1.8168636529,1.4706376332
SOXL_3X,3,2021-04-05,2024-04-02,0.2047483741,0.1535797853,0.0511685888,0.6600967239,0.5891888291,0.0709078948,-0.4975803065,-0.4737382677,-0.0238420388,1.7460111472,1.5333823846
SOXL_3X,3,2021-07-02,2024-07-02,0.2676468855,0.1978880717,0.0697588138,0.7827561021,0.6980586565,0.0846974456,-0.4975803065,-0.4737382677,-0.0238420388,2.0331875162,1.7164310802
SOXL_3X,3,2021-10-04,2024-10-02,0.1876400814,0.1616944151,0.0259456663,0.6140909985,0.5973482679,0.0167427305,-0.4975803065,-0.4737382677,-0.0238420388,1.6728684917,1.5658822530
SOXL_3X,3,2022-01-03,2025-01-02,0.0615391064,0.0723441735,-0.0108050671,0.3548278680,0.3742401392,-0.0194122712,-0.4953350831,-0.4713864986,-0.0239485846,1.1956447259,1.2324288088
SOXL_3X,3,2022-04-04,2025-04-02,0.0545435423,0.0600920156,-0.0055484733,0.3363080230,0.3419589484,-0.0056509254,-0.4246208223,-0.3733883880,-0.0512324343,1.1717297217,1.1902232012
SOXL_3X,3,2022-07-05,2025-07-02,0.3253557987,0.3182414571,0.0071143416,0.8768651979,0.9479033439,-0.0710381460,-0.5133524638,-0.4279036477,-0.0854488162,2.3176916826,2.2807632927
SOXL_3X,3,2022-10-03,2025-10-02,0.4178338464,0.3938544274,0.0239794190,1.0366118087,1.1167736128,-0.0801618041,-0.5133524638,-0.4279036477,-0.0854488162,2.8383827264,2.6973380743
SOXL_3X,3,2023-01-03,2026-01-02,0.4626909008,0.4082247527,0.0544661481,1.1231328326,1.1782585250,-0.0551256924,-0.5133524638,-0.4279036477,-0.0854488162,3.1152404778,2.7812883508
SOXL_3X,3,2023-04-03,2026-04-02,0.3619140663,0.3341160584,0.0277980079,0.9336762477,1.0051513702,-0.0714751225,-0.5133524638,-0.4279036477,-0.0854488162,2.5168196500,2.3664124138
SOXL_3X,3,2023-07-03,2026-07-02,0.6124307700,0.5211460353,0.0912847347,1.2775534739,1.3237217632,-0.0461682893,-0.5133524638,-0.4279036477,-0.0854488162,4.1684367755,3.5022248735
SOXL_3X,5,2013-01-02,2018-01-02,0.3691142553,0.2854579607,0.0836562946,1.3418016045,1.3560466299,-0.0142450254,-0.3761584862,-0.2685866958,-0.1075717904,4.8105913044,3.5098567423
SOXL_3X,5,2013-04-02,2018-04-02,0.3338188941,0.2622486473,0.0715702467,1.2011245367,1.2283032146,-0.0271786779,-0.3761584862,-0.2685866958,-0.1075717904,4.2216704189,3.2042365487
SOXL_3X,5,2013-07-02,2018-07-02,0.3130904495,0.2485077341,0.0645827153,1.1253524992,1.1606955384,-0.0353430392,-0.3761584862,-0.2685866958,-0.1075717904,3.9036710408,3.0335851180
SOXL_3X,5,2013-10-02,2018-10-02,0.3098386794,0.2439845588,0.0658541206,1.1093107575,1.1376706567,-0.0283598991,-0.3761584862,-0.2685866958,-0.1075717904,3.8555741052,2.9790304897
SOXL_3X,5,2014-01-02,2019-01-02,0.2081869284,0.1790004726,0.0291864558,0.7935747069,0.8372939838,-0.0437192769,-0.3761584862,-0.2685866958,-0.1075717904,2.5724369222,2.2765967430
SOXL_3X,5,2014-04-02,2019-04-02,0.2344696591,0.2096915597,0.0247780994,0.8651844033,0.9405942261,-0.0754098228,-0.3761584862,-0.2685866958,-0.1075717904,2.8644357403,2.5884821741
SOXL_3X,5,2014-07-02,2019-07-02,0.2171319934,0.1955413886,0.0215906048,0.8039324338,0.8744699528,-0.0705375190,-0.3761584862,-0.2685866958,-0.1075717904,2.6690072306,2.4407049501
SOXL_3X,5,2014-10-02,2019-10-02,0.2338292787,0.2115137067,0.0223155720,0.8386761970,0.9191282189,-0.0804520218,-0.3761584862,-0.2685866958,-0.1075717904,2.8570197051,2.6080204465
SOXL_3X,5,2015-01-02,2020-01-02,0.2563363021,0.2357524419,0.0205838602,0.9090719876,1.0099637149,-0.1008917272,-0.3761584862,-0.2685866958,-0.1075717904,3.1270603830,2.8793375376
SOXL_3X,5,2015-04-02,2020-04-02,0.1660967449,0.1777154571,-0.0116187122,0.6341964171,0.7536559270,-0.1194595099,-0.4491772119,-0.3517952443,-0.0973819677,2.1561199363,2.2656972386
SOXL_3X,5,2015-07-02,2020-07-02,0.2565109203,0.2601659212,-0.0036550009,0.8462634730,0.9742856889,-0.1280222159,-0.4491772119,-0.3517952443,-0.0973819677,3.1320691142,3.1778884885
SOXL_3X,5,2015-10-02,2020-10-02,0.3574641423,0.3244644316,0.0329997107,1.0868205865,1.1625641463,-0.0757435598,-0.4491772119,-0.3517952443,-0.0973819677,4.6093727731,4.0756933347
SOXL_3X,5,2016-01-04,2020-12-31,0.4056868555,0.3576784567,0.0480083988,1.1773655329,1.2462219308,-0.0688563979,-0.4491772119,-0.3517952443,-0.0973819677,5.4809527669,4.6074185013
SOXL_3X,5,2016-04-04,2021-04-01,0.4693246449,0.3879995577,0.0813250872,1.2793250369,1.3106452212,-0.0313201844,-0.4491772119,-0.3517952443,-0.0973819677,6.8379457287,5.1449552499
SOXL_3X,5,2016-07-05,2021-07-02,0.4613671333,0.3906049558,0.0707621775,1.2488867748,1.3065251738,-0.0576383990,-0.4491772119,-0.3517952443,-0.0973819677,6.6549204964,5.1933859063
SOXL_3X,5,2016-10-03,2021-10-01,0.3781476636,0.3292162756,0.0489313880,1.0807630153,1.1445747483,-0.0638117330,-0.4491772119,-0.3517952443,-0.0973819677,4.9650771932,4.1446493411
SOXL_3X,5,2017-01-03,2021-12-31,0.4243822633,0.3623509029,0.0620313604,1.1700611522,1.2219567903,-0.0518956381,-0.4491772119,-0.3517952443,-0.0973819677,5.8549495385,4.6871842617
SOXL_3X,5,2017-04-03,2022-04-01,0.3367251973,0.2912292547,0.0454959426,0.9612515256,0.9936534867,-0.0324019611,-0.4491772119,-0.3517952443,-0.0973819677,4.2678649944,3.5893580708
SOXL_3X,5,2017-07-03,2022-07-01,0.2250915734,0.1968997541,0.0281918193,0.7213580474,0.7283015024,-0.0069434550,-0.4491772119,-0.4089719593,-0.0402052527,2.7573562977,2.4545909900
SOXL_3X,5,2017-10-02,2022-09-30,0.1859585796,0.1645494126,0.0214091670,0.6342077324,0.6346864067,-0.0004786742,-0.4491772119,-0.4213109398,-0.0278662721,2.3445185850,2.1405583552
SOXL_3X,5,2018-01-02,2022-12-30,0.1918784983,0.1703450593,0.0215334389,0.6387637011,0.6347407628,0.0040229383,-0.4975803065,-0.4737382677,-0.0238420388,2.4035735574,2.1943128350
SOXL_3X,5,2018-04-02,2023-03-31,0.2496863346,0.2127776641,0.0369086705,0.7571097914,0.7390254859,0.0180843056,-0.4975803065,-0.4737382677,-0.0238420388,3.0479308102,2.6236503062
SOXL_3X,5,2018-07-02,2023-06-30,0.2980009894,0.2501748762,0.0478261132,0.8449444318,0.8246863047,0.0202581272,-0.4975803065,-0.4737382677,-0.0238420388,3.6768516634,3.0484861452
SOXL_3X,5,2018-10-02,2023-10-02,0.2484255161,0.2191896585,0.0292358576,0.7432121043,0.7462932638,-0.0030811595,-0.4975803065,-0.4737382677,-0.0238420388,3.0272507782,2.6895105096
SOXL_3X,5,2019-01-02,2024-01-02,0.3738944776,0.3027268349,0.0711676426,0.9817512727,0.9519035357,0.0298477370,-0.4975803065,-0.4737382677,-0.0238420388,4.8889934489,3.7480987895
SOXL_3X,5,2019-04-02,2024-04-02,0.3720097937,0.2933321251,0.0786776686,0.9711937144,0.9243040899,0.0468896245,-0.4975803065,-0.4737382677,-0.0238420388,4.8555786042,3.6149894304
SOXL_3X,5,2019-07-02,2024-07-02,0.3956477286,0.3130413943,0.0826063343,1.0103924092,0.9686865735,0.0417058358,-0.4975803065,-0.4737382677,-0.0238420388,5.2881596536,3.8987261366
SOXL_3X,5,2019-10-02,2024-10-02,0.3203486742,0.2779623143,0.0423863599,0.8645317637,0.8760862329,-0.0115544692,-0.4975803065,-0.4737382677,-0.0238420388,4.0083371633,3.4053954004
SOXL_3X,5,2020-01-02,2025-01-02,0.2458696619,0.2196112017,0.0262584602,0.7276572933,0.7408416849,-0.0131843916,-0.4975803065,-0.4737382677,-0.0238420388,2.9990533592,2.6962792797
SOXL_3X,5,2020-04-02,2025-04-02,0.3039663809,0.2404699600,0.0634964209,0.8510053698,0.8051968370,0.0458085328,-0.4975803065,-0.4737382677,-0.0238420388,3.7580257662,2.9296594229
SOXL_3X,5,2020-07-02,2025-07-02,0.2923083223,0.2300644141,0.0622439082,0.8221651493,0.7687431136,0.0534220357,-0.5133524638,-0.4737382677,-0.0396141961,3.5897399571,2.8068024450
SOXL_3X,5,2020-10-02,2025-10-02,0.2963588032,0.2400072328,0.0563515704,0.8322546969,0.7943231836,0.0379315133,-0.5133524638,-0.4737382677,-0.0396141961,3.6461691888,2.9217171358
SOXL_3X,5,2021-01-04,2026-01-02,0.2720107784,0.2139669274,0.0580438511,0.7843578526,0.7280649677,0.0562928849,-0.5133524638,-0.4737382677,-0.0396141961,3.3173811510,2.6284375284
SOXL_3X,5,2021-04-05,2026-04-02,0.2168302240,0.1908029065,0.0260273175,0.6761054009,0.6709744643,0.0051309366,-0.5133524638,-0.4737382677,-0.0396141961,2.6594821802,2.3877872138
SOXL_3X,5,2021-07-02,2026-07-02,0.4004089090,0.3236716165,0.0767372925,0.9829565136,0.9454359878,0.0375205258,-0.5133524638,-0.4737382677,-0.0396141961,5.3502298805,4.0409642380
SOXL_3X,10,2013-01-02,2022-12-30,0.2726888258,0.2233866533,0.0493021724,0.8838490631,0.8658553601,0.0179937030,-0.4975803065,-0.4737382677,-0.0238420388,11.1273354643,7.4979481310
SOXL_3X,10,2013-04-02,2023-03-31,0.2945483828,0.2395766816,0.0549717012,0.9270103329,0.9058472766,0.0211630563,-0.4975803065,-0.4737382677,-0.0238420388,13.2049861864,8.5578337678
SOXL_3X,10,2013-07-02,2023-06-30,0.3031646440,0.2470551011,0.0561095429,0.9362417398,0.9208125860,0.0154291538,-0.4975803065,-0.4737382677,-0.0238420388,14.0806870937,9.0722484678
SOXL_3X,10,2013-10-02,2023-10-02,0.2775767046,0.2307742082,0.0468024965,0.8713108699,0.8682309409,0.0030799290,-0.4975803065,-0.4737382677,-0.0238420388,11.5505677268,7.9562846931
SOXL_3X,10,2014-01-02,2024-01-02,0.2879898535,0.2389268276,0.0490630259,0.8902058438,0.8879402122,0.0022656316,-0.4975803065,-0.4737382677,-0.0238420388,12.5261017805,8.4986292927
SOXL_3X,10,2014-04-02,2024-04-02,0.2998694452,0.2492991176,0.0505703276,0.9107213264,0.9098755008,0.0008458256,-0.4975803065,-0.4737382677,-0.0238420388,13.7290789978,9.2366298788
SOXL_3X,10,2014-07-02,2024-07-02,0.3053027181,0.2542396745,0.0510630436,0.9162438261,0.9187439799,-0.0025001539,-0.4975803065,-0.4737382677,-0.0238420388,14.3131396586,9.6080255028
SOXL_3X,10,2014-10-02,2024-10-02,0.2777886311,0.2454240935,0.0323645376,0.8454392879,0.8816091924,-0.0361699045,-0.4975803065,-0.4737382677,-0.0238420388,11.5697194593,8.9544291038
SOXL_3X,10,2015-01-02,2025-01-02,0.2527615023,0.2286874323,0.0240740701,0.7939683025,0.8368431815,-0.0428748789,-0.4975803065,-0.4737382677,-0.0238420388,9.4955229868,7.8225686296
SOXL_3X,10,2015-04-02,2025-04-02,0.2286324855,0.2043337532,0.0242987323,0.7405915505,0.7650536160,-0.0244620655,-0.4975803065,-0.4737382677,-0.0238420388,7.8126891286,6.4001018661
SOXL_3X,10,2015-07-02,2025-07-02,0.2713716368,0.2431256280,0.0282460088,0.8223000694,0.8494997521,-0.0271996827,-0.5133524638,-0.4737382677,-0.0396141961,10.9813639537,8.7755612242
SOXL_3X,10,2015-10-02,2025-10-02,0.3260412828,0.2811168212,0.0449244616,0.9385028670,0.9496819668,-0.0111790998,-0.5133524638,-0.4737382677,-0.0396141961,16.7162462963,11.8509356086
SOXL_3X,10,2016-01-04,2026-01-02,0.3372591277,0.2838990312,0.0533600965,0.9548275658,0.9498666126,0.0049609531,-0.5133524638,-0.4737382677,-0.0396141961,18.1824093983,12.1103116980
SOXL_3X,10,2016-04-04,2026-04-02,0.3372811266,0.2857433844,0.0515377422,0.9447885938,0.9480776600,-0.0032890662,-0.5133524638,-0.4737382677,-0.0396141961,18.1853948151,12.2850583615
SOXL_3X,10,2016-07-05,2026-07-02,0.4304790608,0.3565906672,0.0738883936,1.0946541349,1.0929576644,0.0016964705,-0.5133524638,-0.4737382677,-0.0396141961,35.5218944521,20.9319223825
