product,signal,family,strategy,median_cagr,worst_cagr,median_sharpe,worst_sharpe,median_calmar,worst_maxdd,median_exposure,total_trades,windows,robust_score
SOXL,SMH,PULLBACK_RECLAIM,RSI5_R10_H40,1.1584987058594436,0.4517236543754999,1.8396707653387252,1.1060618629241703,3.843002949771632,-0.5368918963278162,0.28866864416587534,63.0,4,5.342048058257518
SOXL,SOXX,PULLBACK_RECLAIM,RSI5_R20_H40,0.7690442676440713,0.3444140363857844,1.6024594960174707,1.0570865670520984,2.3795527271572716,-0.5776318542272618,0.1996100703568704,44.0,4,4.4184908831306595
SOXL,SMH,PULLBACK_RECLAIM,RSI5_R10_H20,0.7160596872134654,0.2449241664076791,1.726220420387858,0.8424575470039833,2.302351636519984,-0.6930969943837274,0.16243186214172675,71.0,4,4.361648526862679
SOXL,SOXX,PULLBACK_RECLAIM,RSI5_R10_H40,0.8331623003510144,0.3288656334977209,1.495174559050127,0.8791332421675079,2.441965723491123,-0.7490088965917829,0.25701412416390945,55.0,4,4.321356409831988
SOXL,SMH,PULLBACK_RECLAIM,RSI5_R20_H40,0.7178695460200941,0.2473456555680007,1.5972038386199165,0.8112948393531877,2.321874338735647,-0.710537069802852,0.1818776569885911,43.0,4,4.24557471497786
SOXL,SMH,PULLBACK_RECLAIM,RSI5_R10_H10,0.3619569320763161,0.14855656296309383,1.42186978077592,0.7122439018082235,1.417287753930251,-0.42718910342436966,0.08121593107086338,71.0,4,3.091496791639774
SOXL,SMH,MA_REGIME,MA63_EXIT250,0.812166561379933,0.481121024155319,1.1256386843022235,0.9071890434762779,1.2230539758557362,-0.7298857520484179,0.8267427461787911,219.0,4,2.8160504331046883
SOXL,SOXX,PULLBACK_RECLAIM,RSI5_R20_H20,0.3669068625779782,0.16311774695038772,1.2503734276397336,0.7399997418100102,1.2669861640651718,-0.5765263846872988,0.10686239001214393,50.0,4,2.7839184006326017
SOXL,SMH,PULLBACK_RECLAIM,RSI5_R20_H20,0.3680614813169969,0.11593470458624489,1.2988737490692004,0.553570231201156,1.2742304448252448,-0.7177749844421445,0.10618643558967823,48.0,4,2.7694641039878567
SOXL,SOXX,PULLBACK_RECLAIM,RSI5_R10_H20,0.4345685040102747,0.10298775623735623,1.1843587041546901,0.46196627924970446,1.3066385632619588,-0.704877438453384,0.14264284621358997,64.0,4,2.657982715347753
SOXL,SMH,MA_REGIME,MA40_EXIT250,0.7820588003910305,0.3950357843576473,1.1044345579381705,0.8236270517001476,1.0864744977140188,-0.8500460807304777,0.837871120731264,276.0,4,2.59433371075605
SOXL,SMH,PULLBACK_RECLAIM,RSI5_R20_H10,0.256940401189237,0.11482013566240545,1.2475900154866717,0.6700287627076417,1.0677122923589677,-0.3344978488584034,0.058312786772211106,51.0,4,2.540219566353753
SOXL,SMH,PULLBACK_RECLAIM,RSI10_R10_H40,0.7064828911560053,0.31762138521285266,1.0909684961319575,0.770357971647601,1.0849211145326632,-0.8165121806048041,0.4628703649389707,96.0,4,2.5272897961829472
SOXL,SMH,PULLBACK_RECLAIM,RSI15_R10_H40,0.7910049513641908,0.3512158792893374,1.123021000018866,0.7864735925390274,1.0107200198483182,-0.8165121806048041,0.6072034979857728,126.0,4,2.5059673576466093
SOXL,SOXX,PULLBACK_RECLAIM,RSI5_R20_H10,0.24808741637081744,0.1404231928956825,1.1616327250911591,0.8199800206334579,1.0289671385951966,-0.2854678445963219,0.05986612616137298,52.0,4,2.465806465292562
SOXL,SMH,MA_REGIME,MA20_EXIT250,0.7164966338920298,0.38396506042168177,1.0602838410986795,0.8125042700119641,0.913573040653419,-0.8003575957128033,0.8522045112619048,342.0,4,2.3689654794659303
SOXL,SMH,MA_REGIME,MA90_EXIT250,0.6753465031503231,0.3468278430374978,1.0357710051239641,0.7767298196898159,0.9239646284463321,-0.8379007993534977,0.8264996737432053,194.0,4,2.3273320100114994
SOXL,SMH,MA_REGIME,MA100_EXIT250,0.656585978294233,0.3569089872475817,1.022971434784897,0.7870367718880859,0.8949830425130623,-0.807314411482482,0.8258145634920098,185.0,4,2.293168163893772
SOXL,SOXX,MHT,MHT6_3,0.5400142504169922,0.3057014950592387,0.9727222146405818,0.7586096849039715,0.9751041730694903,-0.6038102063369604,0.5437323513896504,125.0,4,2.2903295564656845
SOXL,SMH,PULLBACK_RECLAIM,RSI10_R20_H10,0.4109832124748285,0.13602759324062208,1.2305364460746753,0.6023706896789874,0.8201773965457269,-0.6062071835077183,0.13449314899421405,108.0,4,2.26932031166046
SOXL,SMH,MA_REGIME,MA40_EXIT200,0.6551062398290197,0.3088394120641398,1.0198241493428866,0.7371998876299063,0.8584957482015346,-0.8693141577457142,0.8201562860002078,279.0,4,2.217039575483968
SOXL,SMH,PULLBACK_RECLAIM,RSI15_R10_H20,0.5942551741879138,0.24382502409422369,1.0351004851041226,0.6716060404396998,0.8898704082999621,-0.8053024099329399,0.4327656613417714,176.0,4,2.2147849155611214
SOXL,SMH,MA_REGIME,MA20_EXIT100,0.6628852639578968,0.34486583309277363,1.0301365528172326,0.7775499139292721,0.8144558982971724,-0.8138995191069613,0.7772100391527499,415.0,4,2.21141284614311
SOXL,SOXX,MHT,MHT6_2,0.5350649517332179,0.3630265671482089,0.9549709973607563,0.8176147938735137,0.862847078489761,-0.6201156208000851,0.6189858966269821,81.0,4,2.203735057893
SOXL,SMH,MA_REGIME,MA30_EXIT250,0.6646077620155937,0.3442970360937454,1.0261672734699923,0.773432208639176,0.8068961048880039,-0.8386772643660276,0.8426120004851776,290.0,4,2.198569948564663
SOXL,SMH,MA_REGIME,MA20_EXIT200,0.6424950047593001,0.3083930445427254,1.010273367292203,0.7370164570907382,0.8461147528477753,-0.8654500418197526,0.8360588624132634,355.0,4,2.1948387566840255
SOXL,SMH,MA_REGIME,MA63_EXIT200,0.6270701302361157,0.3778164317232864,1.0021376754985676,0.8089440224925526,0.7796819023510887,-0.804264057361367,0.8084643374143322,217.0,4,2.1729637993344375
SOXL,SOXX,PULLBACK_RECLAIM,RSI15_R10_H40,0.6018543619187122,0.35926515012533167,0.9998459755090363,0.8017231304258341,0.787698990452678,-0.8192030351305765,0.5652387362090489,114.0,4,2.1676083236308386
SOXL,SMH,MA_REGIME,MA30_EXIT200,0.6196395743852082,0.28305891094682534,0.9949715646351764,0.7102623109347603,0.8257624155874755,-0.8712202191020963,0.8261791721453884,298.0,4,2.139829013429755
SOXL,SOXX,MA_REGIME,MA63_EXIT250,0.5971010907421238,0.4083896494312813,0.9736763363231242,0.8403705839401052,0.6971514995073262,-0.856486848502933,0.7934715010498661,289.0,4,2.0851153065311174
SOXL,SOXX,MA_REGIME,MA63_EXIT150,0.5394592511404707,0.404092973889566,0.941546065006726,0.8422553687988495,0.70539481184946,-0.764762147493081,0.7415173538203746,273.0,4,2.0595512060006813
SOXL,SOXX,PULLBACK_RECLAIM,RSI15_R10_H20,0.5204678950899979,0.25881609025134433,0.9801762068455258,0.6995514469952409,0.7721338701381002,-0.7626351720593317,0.4250060115208403,173.0,4,2.056605983858108
SOXL,SMH,MA_REGIME,MA50_EXIT250,0.5799637466049631,0.3193986328862186,0.968083915451533,0.7485452300025772,0.7404939392026209,-0.8476328169203857,0.8321687361839001,246.0,4,2.0554134785979077
SOXL,SOXX,PULLBACK_RECLAIM,RSI15_R10_H10,0.4635591089293055,0.2017833693901716,0.9522928475141252,0.6370505876182261,0.8166964009885217,-0.7520145942479777,0.2818063619010992,235.0,4,2.0291435801022892
SOXL,SMH,MHT,MHT6_2,0.5196090851325451,0.32020041094214613,0.9393154638699565,0.7625122799338612,0.6858638556195298,-0.7575979997709467,0.6536276312131704,82.0,4,1.9759075949440243
SOXL,SOXX,MA_REGIME,MA63_EXIT200,0.5324030229447363,0.41072614147183595,0.9319525285604713,0.8451403577534379,0.6211908622278897,-0.8570683429490296,0.7749475713443457,279.0,4,1.9697915509626385
SOXL,SMH,MA_REGIME,MA50_EXIT200,0.5318113881239345,0.27910850670037357,0.9316176314153295,0.7056991876635098,0.685429608621357,-0.8436445934313936,0.8144872235595129,249.0,4,1.9330262903027506
SOXL,SOXX,MA_REGIME,MA50_EXIT200,0.5184028227898168,0.38339285663899414,0.9199122357237625,0.8163935417887861,0.6169556453178342,-0.8402594687706498,0.7844561642135314,317.0,4,1.9326626948082901
SOXL,SOXX,MA_REGIME,MA63_EXIT160,0.5001624734598301,0.3953686433381789,0.9106527851086035,0.8323606893885769,0.6100209818140092,-0.8199102791063111,0.7467291888621106,275.0,4,1.9264482609388465
SOXL,SOXX,PULLBACK_RECLAIM,RSI15_R20_H10,0.37535049308467927,0.2084660739851103,0.967188749547077,0.7160389669787498,0.6582365907497683,-0.5794820097689843,0.20483898145870577,167.0,4,1.9086681190340877
SOXL,SMH,MA_REGIME,MA63_EXIT100,0.488604760466985,0.35198405639245456,0.9019964710956423,0.7879747944597932,0.6313493376965116,-0.773905556390805,0.759208024930546,234.0,4,1.9063315356033295
SOXL,SOXX,MA_REGIME,MA40_EXIT160,0.48578983821075716,0.38282440797531825,0.8972368336714056,0.816602665352432,0.6120139133408977,-0.7937562000165961,0.7670118381447883,357.0,4,1.9048136173380705
SOXL,SMH,PULLBACK_RECLAIM,RSI10_R20_H40,0.5199315142715623,0.12760924414837982,0.9754450089200956,0.4945658693065807,0.7359478805002821,-0.8136865359167578,0.35509642518118234,77.0,4,1.898838978821213
SOXL,SOXX,MA_REGIME,MA20_EXIT100,0.5061453597653932,0.3148658421252071,0.9129613370554334,0.7450308213096906,0.6255318594093702,-0.8091440142526038,0.7519911252702242,469.0,4,1.8821838228548295
SOXL,SOXX,PULLBACK_RECLAIM,RSI10_R10_H40,0.45926242709714593,0.23927503053629562,0.8896482965895084,0.665031432785682,0.7057967878391609,-0.8192030351305765,0.4312158449370049,91.0,4,1.8813404578932373
SOXL,SMH,PULLBACK_RECLAIM,RSI10_R10_H20,0.419951790335632,0.0964193361524428,0.8777818442130647,0.4370731156977056,0.7805807200433322,-0.8053024099329398,0.3205316418369498,137.0,4,1.8158405112570448
SOXL,SMH,MA_REGIME,MA40_EXIT100,0.4701762534341798,0.3027888064065758,0.8870364160216787,0.7324600134394944,0.5899903473942771,-0.7969219420465736,0.7579260185392788,317.0,4,1.8115361699791173
SOXL,SMH,MHT,MHT5_2,0.4828099196058028,0.323049747429456,0.8985514885040184,0.7575837566514521,0.5612827191125598,-0.8601902448897236,0.7257346871620031,140.0,4,1.8107550204941691
SOXL,SOXX,MA_REGIME,MA40_EXIT250,0.4835344447776082,0.2899027913245169,0.8943188248282254,0.7169594321551355,0.5917086274061538,-0.8666999962943236,0.8107294184968354,330.0,4,1.8102187059354216
SOXL,SOXX,MA_REGIME,MA40_EXIT200,0.47948701546447425,0.2975875610258416,0.8924269681438104,0.7254874388824983,0.5872877470865105,-0.8297230151954301,0.7926349698486745,340.0,4,1.8098803554638663
SOXL,SOXX,MA_REGIME,MA40_EXIT150,0.4397201852805728,0.37179275781298493,0.8581428313618575,0.8056777533572806,0.5576390451164799,-0.7885390901720736,0.7601056072156311,366.0,4,1.80309769372415
SOXL,SMH,MA_REGIME,MA30_EXIT100,0.48027711224470404,0.3026327476022721,0.8950091656091307,0.7319108394050021,0.5736367845806134,-0.8372495020448094,0.7619043588797659,347.0,4,1.8029400338421309
SOXL,SMH,MA_REGIME,MA90_EXIT200,0.492855218690494,0.2473498040119595,0.9029801575987322,0.6707649046219295,0.5975152079671279,-0.8839483218013887,0.8075910467320058,186.0,4,1.7918614937273223
SOXL,SMH,PULLBACK_RECLAIM,RSI15_R10_H10,0.4052344581187004,0.058679148042961815,0.8668518587439328,0.3573300168934589,0.8056428475064007,-0.8911932292942318,0.2707522476746417,234.0,4,1.7911667844951793
SOXL,SOXX,PULLBACK_RECLAIM,RSI10_R20_H10,0.31939615656057985,0.10970243099363475,0.9491786339994891,0.4966329760174385,0.6532745376790787,-0.6418569963888785,0.16086105240795673,129.0,4,1.781462631179745
SOXL,SMH,MA_REGIME,MA100_EXIT200,0.4757347476064091,0.254838346108055,0.889562285461712,0.6790967723428719,0.590254698083011,-0.8667394876178065,0.807381296403089,177.0,4,1.7770103496844685
SOXL,SMH,MA_REGIME,MA90_EXIT100,0.46194257320143695,0.29333189702892204,0.8779696583791394,0.7220534999916295,0.5521918525892133,-0.8365617330922218,0.7614623210641562,210.0,4,1.757340834480721
SOXL,SOXX,MA_REGIME,MA50_EXIT150,0.4177109441895295,0.34298054495998587,0.838912161142997,0.7757279811270363,0.5400889889135134,-0.7734113317692897,0.754050129811024,331.0,4,1.7444234178182625
SOXL,SOXX,MA_REGIME,MA20_EXIT160,0.43834767396309204,0.3320592962147557,0.8584203661558589,0.7621950533404961,0.5185937366489506,-0.8452621830637743,0.7858644974606688,453.0,4,1.7335925142473114
SOXL,SOXX,MHT,MHT5_2,0.4225169452151156,0.2947907205789615,0.8464229638429661,0.7261563293957259,0.5408299054088324,-0.7812381323398162,0.6858602307636612,125.0,4,1.7161873118902107
SOXL,SOXX,MA_REGIME,MA90_EXIT150,0.41410623739764596,0.346690932066936,0.8379673021867755,0.7808947663716849,0.5054926769785284,-0.8192131286112299,0.7385503832269675,229.0,4,1.712029136791693
SOXL,SOXX,MA_REGIME,MA63_EXIT100,0.419584054877414,0.31623383557659657,0.8436106211329828,0.7490887795915141,0.5187273911608721,-0.8088719856077335,0.7192115790399156,255.0,4,1.7077271249800317
SOXL,SOXX,MA_REGIME,MA50_EXIT250,0.42132439795757237,0.34785689660627206,0.8462773199683935,0.7783469235394366,0.4884470584800633,-0.8625794559366138,0.8015132685823703,316.0,4,1.703239557636452
SOXL,SMH,BREAKOUT_RSI,B20_RSI92,0.42593074978722956,0.19191929112874084,0.8517996264577503,0.5956190328870458,0.5857149585078985,-0.8492342891217719,0.47066613483796893,587.0,4,1.6823789887517806
SOXL,SMH,MA_REGIME,MA50_EXIT100,0.41629087450263,0.27957601848493563,0.8398380265204345,0.70606572337145,0.5250388424038268,-0.7928763376756902,0.7566881192035736,271.0,4,1.6811813090095917
SOXL,SOXX,MA_REGIME,MA20_EXIT150,0.4098029178559913,0.3174499087088958,0.8334597960996282,0.7464746059660247,0.5018648616482503,-0.8165602917687753,0.778536445350076,467.0,4,1.6806682635938324
SOXL,SMH,MHT,MHT6_1,0.4259144768864964,0.2548411599943754,0.8521083738112449,0.6787926415667275,0.5269118033804625,-0.8083221407339782,0.6792001475651841,69.0,4,1.676138917580577
SOXL,SOXX,MA_REGIME,MA20_EXIT200,0.4447997104120005,0.2647817085719699,0.863920975379685,0.690197759936884,0.5071620351652567,-0.877036685656221,0.8133607737978258,443.0,4,1.676023304815148
SOXL,SOXX,MA_REGIME,MA40_EXIT100,0.40023006535983596,0.3130029063355868,0.8258405011396854,0.7466031252250089,0.5042588528659128,-0.7936996308248475,0.729149104252216,342.0,4,1.6732515884796442
SOXL,SOXX,MA_REGIME,MA50_EXIT160,0.38807766248105047,0.33347381953150523,0.8151082364493624,0.7654435000759849,0.4941515963869325,-0.7853413108822104,0.7600483946875743,324.0,4,1.667357617621044
SOXL,SMH,MHT,MHT6_3,0.3987178593075742,0.20224346028903528,0.8367706536090826,0.6115619447930699,0.5593850370920266,-0.7127789141095306,0.5757041343001066,148.0,4,1.6501679070438942
SOXL,SOXX,PULLBACK_RECLAIM,RSI15_R20_H40,0.4226898584031148,0.14516682411999726,0.8508466735316055,0.5289089626723659,0.5930977867036704,-0.8136865359167577,0.4426218471918798,96.0,4,1.648755112963366
SOXL,SMH,BREAKOUT_RSI,B63_RSI92,0.41224912299360084,0.16729563516238133,0.8460952483000961,0.5589301066355482,0.574916257565681,-0.8272474920230565,0.36639387819485103,482.0,4,1.6443918501058548
SOXL,SOXX,MHT,MHT6_1,0.3897878032703329,0.2937131096736809,0.8178290038742599,0.7268747514264,0.49524030045544565,-0.7870680211442127,0.6477330909504649,66.0,4,1.641644547023146
SOXL,SMH,MHT,MHT4_2,0.4062654781204208,0.27195861432645585,0.8318322102692555,0.6971364996998566,0.4786937310354128,-0.8486960488111471,0.7581583060259718,177.0,4,1.6207893733928604
SOXL,SMH,BREAKOUT_RSI,B50_RSI95,0.39651912306964787,0.2049795605503566,0.8242307615772528,0.6135143167455614,0.5394448859047096,-0.8266345478753464,0.4887912641498252,424.0,4,1.6195440069435312
SOXL,SMH,MA_REGIME,MA20_EXIT160,0.4023326846523777,0.28586204672703897,0.8301869113314748,0.7134315750401323,0.4614626051413696,-0.871864112432518,0.8178353456532593,380.0,4,1.6129384335963972
SOXL,SOXX,MA_REGIME,MA30_EXIT200,0.4016786252315254,0.2697672784984362,0.8343243281664123,0.6956697424432007,0.454455073629612,-0.8838687222114716,0.8042025672586601,388.0,4,1.5975804766560426
SOXL,SOXX,MHT,MHT5_3,0.391160624961403,0.1986973505182439,0.8191855777558195,0.6043529626324261,0.5277755638238738,-0.741149556313939,0.6116504101200881,213.0,4,1.5973980574969215
SOXL,SOXX,PULLBACK_RECLAIM,RSI10_R20_H40,0.40980840795327933,0.11141821907435578,0.8443658241984486,0.47148171972947245,0.5788822856822735,-0.8136865359167577,0.40075606844409073,87.0,4,1.5968276493502682
SOXL,SMH,MA_REGIME,MA20_EXIT150,0.4052127404729383,0.26293975111149326,0.8321969158589843,0.6887306792937924,0.460588877912554,-0.8797710059986963,0.8131826800104696,377.0,4,1.5964383391507329
SOXL,SOXX,MA_REGIME,MA20_EXIT250,0.4065109221982455,0.253400634035148,0.8339823625726734,0.6791408598919646,0.4620983139947451,-0.8797065686824131,0.8319040938505285,426.0,4,1.5925662085579835
SOXL,SMH,PULLBACK_RECLAIM,RSI10_R10_H10,0.3370847915366001,0.06264416720202215,0.8811059405085191,0.3539872284645835,0.5895288813140748,-0.8271044075140879,0.16951736079503085,148.0,4,1.5904537125397509
SOXL,SMH,BREAKOUT_RSI,B40_RSI95,0.3782987186770367,0.21745024733790919,0.8080593091771447,0.6295378997172667,0.5133804813980272,-0.8212961590126655,0.5010792284376561,433.0,4,1.5875493891734431
SOXL,SMH,MHT,MHT5_1,0.38611199208976765,0.29522890158255266,0.8197184025996244,0.7243170265007228,0.43662325555010084,-0.8843138499421106,0.7591315630283053,97.0,4,1.5850353655661822
SOXL,SOXX,MA_REGIME,MA30_EXIT100,0.37733400878842904,0.29066173514645866,0.8034335567990791,0.7187317620581732,0.45185933244653864,-0.8350696371487979,0.7407095905005223,407.0,4,1.5803066973333904
SOXL,SMH,BREAKOUT_RSI,B63_RSI95,0.3704564351331294,0.22152452870523498,0.8042860122030835,0.634528870586822,0.5018081309130585,-0.8053024099329398,0.4617698076385772,404.0,4,1.5754886251154647
SOXL,SOXX,MA_REGIME,MA90_EXIT160,0.3761297758736766,0.29492296878269597,0.8016589126610214,0.7332007201455583,0.44151090696713596,-0.85191502619362,0.7449132567568966,230.0,4,1.573931484055895
SOXL,SMH,BREAKOUT_RSI,B20_RSI95,0.3672639661606496,0.2671211759417813,0.7954380715558111,0.690284599812169,0.4643444037542013,-0.8053024099329399,0.5285579528285584,467.0,4,1.5659142132339452
SOXL,SOXX,MA_REGIME,MA90_EXIT250,0.37310561395528086,0.29504266665528167,0.8103286645627523,0.7229253074536622,0.4166230469893038,-0.8955472258472054,0.7990051150642812,258.0,4,1.5552043717431125
SOXL,SMH,BREAKOUT_RSI,B50_RSI92,0.3927584964315449,0.1377427013423711,0.8141412438092467,0.5150688427548411,0.5416260810474542,-0.9002218384405003,0.4113629252474684,509.0,4,1.5534058862165967
SOXL,SOXX,MA_REGIME,MA90_EXIT100,0.37201395162539797,0.27893168654490363,0.8020437253327712,0.7060584747226905,0.43015705110853575,-0.8648328573638393,0.7255815637315239,183.0,4,1.5481812383944313
SOXL,SOXX,MA_REGIME,MA90_EXIT200,0.3596939200307998,0.31176047141822516,0.795776470827747,0.7566066023178383,0.4038526897668627,-0.8906562445787968,0.7806313289338946,242.0,4,1.5446610468831818
SOXL,SOXX,MHT,MHT4_2,0.3589465769537131,0.2764993124440376,0.7885310606376796,0.7026169285282511,0.4260808456432186,-0.8424377219112996,0.733124243630985,175.0,4,1.5285157946349797
SOXL,SMH,MA_REGIME,MA90_EXIT150,0.363495050200383,0.2718187853774814,0.7967969534052592,0.6976865361574207,0.4110072112426044,-0.8844006631937741,0.7882403819051965,206.0,4,1.5181351913759595
SOXL,SMH,MHT,MHT4_1,0.35683351790848095,0.2769547379880497,0.7932903874058508,0.7121463699122474,0.4023909549440548,-0.8867831483888404,0.7874994123895558,113.0,4,1.5121953038219922
SOXL,SMH,MA_REGIME,MA100_EXIT150,0.35560933333871325,0.27497421834980873,0.7854165571747085,0.7124161952925318,0.40444287234972964,-0.8792572638817849,0.7882737040118656,191.0,4,1.5054505875224753
SOXL,SMH,MA_REGIME,MA50_EXIT160,0.3504436162985206,0.26772612718984456,0.7838297633297933,0.6927100375958627,0.4042438662212564,-0.8669114007204526,0.7907818575299546,267.0,4,1.4951142025449375
SOXL,SOXX,PULLBACK_RECLAIM,RSI10_R10_H20,0.3151715483180484,0.12578156297864296,0.7703488418153417,0.48900572366758027,0.5340608761271443,-0.772639116276496,0.2987704021057239,129.0,4,1.4895519303487028
SOXL,SOXX,PULLBACK_RECLAIM,RSI5_R10_H10,0.1696090268270014,0.027997679524669916,0.780929831677293,0.23894763284479734,0.6289475471287465,-0.7344016254081605,0.07154076934846904,64.0,4,1.4836131267795738
SOXL,SMH,BREAKOUT_RSI,B40_RSI92,0.3648781873375875,0.1335209719321715,0.7860045601877073,0.509536019796123,0.5030065034533796,-0.8971494003054497,0.4245104934887618,523.0,4,1.4831555545562034
SOXL,SOXX,MA_REGIME,MA50_EXIT100,0.3335214151874175,0.25311954662227,0.7650024104294814,0.6751615561671634,0.41629740562963147,-0.8119862229826079,0.7216351922340942,301.0,4,1.4766499784120386
SOXL,SOXX,MA_REGIME,MA30_EXIT160,0.3574986674970274,0.22482053420943382,0.7822083562768372,0.6750845395222682,0.41020008606013814,-0.8715226535681802,0.778886831680096,398.0,4,1.4735898443222593
SOXL,SMH,MA_REGIME,MA40_EXIT160,0.33895713671148175,0.25023544402871645,0.7715189742734303,0.695971225097923,0.3770654567408316,-0.8989344705326778,0.7989375035909527,307.0,4,1.4476949593031008
SOXL,SMH,MA_REGIME,MA50_EXIT150,0.3314875835440979,0.2398722371039752,0.7678286315290901,0.6617976753996989,0.38237769542379174,-0.8669114007204526,0.7863722643227506,262.0,4,1.4355918643547942
SOXL,SOXX,MA_REGIME,MA30_EXIT150,0.34165726160231913,0.20832337278593993,0.767120584501769,0.6565165521122303,0.3952470174909871,-0.8644145217619768,0.7710726346983316,409.0,4,1.4306584264137838
SOXL,SMH,MA_REGIME,MA63_EXIT150,0.3167850206749677,0.267899392975552,0.7595052156352071,0.7124364547472403,0.3491938439414375,-0.9071895916014345,0.7874778424917701,234.0,4,1.4207578697512306
SOXL,SMH,BREAKOUT_RSI,B90_RSI92,0.3294926171387905,0.13763171560068344,0.7609607735187163,0.5123239427281218,0.4564344129390906,-0.8313480452174253,0.3655289023469419,464.0,4,1.4142920299401789
SOXL,SMH,BREAKOUT_RSI,B90_RSI95,0.3090269430465472,0.20027215067324122,0.7434766307723016,0.6065376947655413,0.41297392238516445,-0.8053024099329398,0.4510156230156378,386.0,4,1.4082210521854719
SOXL,SMH,MA_REGIME,MA40_EXIT150,0.32509823526142967,0.23078068459834333,0.756462443909852,0.6706474806115404,0.35915673400763787,-0.9051709309020394,0.7953678789594063,299.0,4,1.3986713903695467
SOXL,SMH,BREAKOUT_RSI,B126_RSI92,0.3198823516439897,0.1358160008843452,0.7462752999857758,0.508533242195338,0.44669200444955104,-0.8397321678904758,0.34443137858273254,442.0,4,1.388008615426334
SOXL,SOXX,MA_REGIME,MA100_EXIT250,0.32601831277751725,0.18602318685235986,0.7547253217142951,0.6428754949579137,0.36284898591426673,-0.8984958631096969,0.7975574653996593,241.0,4,1.3713047747942202
SOXL,SMH,MA_REGIME,MA63_EXIT160,0.2963773624787408,0.25101655837250814,0.7462265446811776,0.699202888332264,0.32436963168921584,-0.9137025588224765,0.7913679687211334,235.0,4,1.3709051776397136
SOXL,SMH,MA_REGIME,MA100_EXIT160,0.32183842363023063,0.18104658210572033,0.7531626553658519,0.63631818656808,0.3621276427255464,-0.8887430443252557,0.7905613222521449,198.0,4,1.3648931357862786
SOXL,SMH,MHT,MHT5_3,0.3203058159253601,0.1845013993205682,0.7493730586958872,0.585566959047296,0.37589340661367954,-0.852118739753664,0.6585439719293413,243.0,4,1.3639089047316748
SOXL,SMH,MA_REGIME,MA90_EXIT160,0.3068095832558927,0.20003796394632678,0.7447595900841695,0.6543987475028383,0.3437592923969618,-0.8925128426829528,0.7912905395589023,207.0,4,1.3521375513300042
SOXL,SMH,MA_REGIME,MA30_EXIT150,0.306776792496147,0.20854371082445788,0.7410170818481632,0.6465804637219585,0.34176619894322036,-0.8976218053298877,0.8025071282224991,314.0,4,1.348700252134102
SOXL,SMH,MA_REGIME,MA30_EXIT160,0.30266054466486336,0.1794945316656944,0.7276907022391981,0.6395999922430429,0.33972872857115805,-0.8908888745965134,0.8061982890718387,323.0,4,1.317066694703964
SOXL,SMH,PULLBACK_RECLAIM,RSI10_R20_H20,0.26905155321798024,0.06285462976456868,0.7386982781957089,0.3528716202359874,0.45028957859754815,-0.7295192878198031,0.23253139451743365,96.0,4,1.3086330767345382
SOXL,SOXX,MA_REGIME,MA100_EXIT200,0.2666721735357964,0.24282120059447498,0.7143211111821441,0.6851787090894996,0.29625593030525155,-0.9001412166197886,0.7789941455745302,230.0,4,1.3032823190570082
SOXL,SOXX,MA_REGIME,MA100_EXIT150,0.2865492583979109,0.18082494637825142,0.7138464170747078,0.6258336981630893,0.3331742455715659,-0.8600582494194023,0.7384931706989109,225.0,4,1.2938915603761718
SOXL,SMH,BREAKOUT_RSI,B126_RSI95,0.26152268345845175,0.17438169773912593,0.6913556158677955,0.5701437428604746,0.37018670980809154,-0.8053024099329399,0.432486707419292,371.0,4,1.2912691102605685
SOXL,SOXX,MHT,MHT4_3,0.2752917818066105,0.18247816654268756,0.7029020248447039,0.5836945182222814,0.33748704571934507,-0.815710662967324,0.6626678234156331,322.0,4,1.2775517833909633
SOXL,SOXX,MA_REGIME,MA30_EXIT250,0.27742109348047683,0.1582085673547362,0.7164005070816692,0.6232057145771104,0.31038494522700666,-0.8937968730331912,0.8236376965206305,370.0,4,1.2616911646303217
SOXL,SOXX,PULLBACK_RECLAIM,RSI10_R10_H10,0.24641823372552152,0.049616093493974445,0.713715955484725,0.3198614210617582,0.43422794305241325,-0.7801444928486796,0.17917585527369234,150.0,4,1.252717300549565
SOXL,SOXX,MHT,MHT5_1,0.2738617289040325,0.1682737647048569,0.6983926383929064,0.6118452262421842,0.31195260537974856,-0.8778953090346947,0.7168522895354731,90.0,4,1.2474434326856294
SOXL,SMH,PULLBACK_RECLAIM,RSI15_R20_H40,0.28820624188088617,0.05628788333589596,0.7172307604650621,0.40321665218877006,0.36433441437760283,-0.8808982275389133,0.4846828534186056,105.0,4,1.2105132795578053
SOXL,SOXX,MA_REGIME,MA100_EXIT160,0.26833543995458964,0.10851508507093643,0.6942922297909757,0.5542988314244054,0.298867096520239,-0.8978420277068481,0.7442483631398753,226.0,4,1.1859915767027842
SOXL,SOXX,PULLBACK_RECLAIM,RSI15_R20_H20,0.23937990010899257,0.11138581842437745,0.665011805473114,0.4613301423260306,0.32131833250673164,-0.7718457660032616,0.3253680465304557,135.0,4,1.157355582773542
SOXL,SMH,BREAKOUT_RSI,B20_RSI90,0.23804971644994322,0.1128457967133063,0.6598940012622314,0.48003930550375973,0.31748191379220236,-0.8805522719558643,0.4385230375779642,654.0,4,1.1538086397870269
SOXL,SOXX,BREAKOUT_RSI,B50_RSI85,0.21562067325275414,0.1574000839759926,0.6367132310433479,0.5526738107828562,0.29110224593020056,-0.8040369020497331,0.2637730272344563,620.0,4,1.1446839716572588
SOXL,SOXX,BREAKOUT_RSI,B63_RSI85,0.20963490800041207,0.1550274103576743,0.632048807784453,0.5411603834408982,0.2840538181575662,-0.8113535551471366,0.24729387974637718,589.0,4,1.128906426981081
SOXL,SOXX,BREAKOUT_RSI,B20_RSI85,0.20710565234509948,0.1841553006244645,0.6293120341768123,0.5868102816808405,0.25758227242695525,-0.8040369020497331,0.31456870157945366,732.0,4,1.1256745273362099
SOXL,SOXX,BREAKOUT_RSI,B40_RSI85,0.21082929513391646,0.13515396699646676,0.6274506011641771,0.5084441907061066,0.28610287845997634,-0.8040369020497331,0.285228048490365,653.0,4,1.1082415107989134
SOXL,SMH,BREAKOUT_RSI,B63_RSI90,0.22266317645975775,0.09047522748399617,0.6377765085650655,0.4338543267574461,0.30286853817486714,-0.8666061581164298,0.34275120501867,534.0,4,1.0943462421712922
SOXL,SOXX,PULLBACK_RECLAIM,RSI10_R20_H20,0.23507888343524197,0.010916862997293775,0.6716966969293594,0.2349979380997895,0.33891962168858425,-0.8595860088140976,0.2645838452794473,112.0,4,1.0748242346415382
SOXL,SOXX,MHT,MHT4_1,0.18558002333797907,0.11411585554200343,0.638534538284717,0.5721684260462852,0.19981216142259117,-0.9287724131339937,0.7685203741246807,114.0,4,1.038446733989881
SOXL,SMH,BREAKOUT_RSI,B50_RSI90,0.2079873214995911,0.059985476155850925,0.616450553018454,0.3891773381189188,0.2842602410799623,-0.9201696713203111,0.38669074980088747,562.0,4,1.0279978667060714
SOXL,SOXX,BREAKOUT_RSI,B20_RSI95,0.19654353630912602,0.08117026242413261,0.6096776607343175,0.5161336391179305,0.2298519825755305,-0.855087409326743,0.6012215204341679,424.0,4,1.009148184301397
SOXL,SOXX,BREAKOUT_RSI,B20_RSI92,0.15633541395219253,0.1342280265632454,0.5699749243203198,0.5380415163570901,0.2136280717806081,-0.8053024099329398,0.48890639844418166,561.0,4,0.9852273884718231
SOXL,SMH,BREAKOUT_RSI,B40_RSI90,0.18420513205090028,0.058575515540537415,0.5890462322295997,0.3886867129317835,0.25143788548035634,-0.9177114806467656,0.3991091007354234,578.0,4,0.9669435537131705
SOXL,SOXX,BREAKOUT_RSI,B20_RSI90,0.1616261318480655,0.1300560182640187,0.5596466635825295,0.502078799299926,0.21276942026388168,-0.8194675001087072,0.4210197880114315,622.0,4,0.962963792803402
SOXL,SOXX,BREAKOUT_RSI,B90_RSI85,0.16542861194856062,0.08682655801636963,0.554829341310322,0.4254903813501394,0.22289062226037856,-0.839411816957499,0.23020705116933357,556.0,4,0.9275058379164203
SOXL,SOXX,BREAKOUT_RSI,B126_RSI85,0.15805464282122916,0.08664756824839226,0.5407799673504022,0.42491554319475383,0.21386960319589413,-0.8376513653642688,0.22656096463554648,545.0,4,0.904202240469181
SOXL,SMH,BREAKOUT_RSI,B90_RSI90,0.15233861733215692,0.06194921841147538,0.5474822833987365,0.38286354810967443,0.2056723667644953,-0.8614962338746502,0.3435806250581822,512.0,4,0.8798451463963881
SOXL,SMH,BREAKOUT_RSI,B126_RSI90,0.14654160618499612,0.0644503957346032,0.5351513586832395,0.38316022059109106,0.20189977533194758,-0.8619261030149497,0.3245492169964522,485.0,4,0.8650663870302614
SOXL,SOXX,BREAKOUT_RSI,B40_RSI95,0.14160759343075568,0.049091848706357855,0.5501790760345024,0.46897951371733504,0.16560598587488395,-0.8550874093267431,0.5750890458583751,392.0,4,0.8575758646918991
SOXL,SOXX,BREAKOUT_RSI,B63_RSI95,0.14559454214934686,0.028518309779545836,0.5435359196154879,0.44880399442824437,0.170268607116998,-0.8550874093267431,0.5301700731286008,365.0,4,0.8402646802293199
SOXL,SMH,BREAKOUT_RSI,B20_RSI85,0.12759230638934438,0.10025513258999652,0.49743317200488735,0.4535965281218323,0.17622418426068767,-0.8290914850918236,0.3395841521943752,775.0,4,0.8371840545910313
SOXL,SMH,PULLBACK_RECLAIM,RSI15_R20_H20,0.1633596828380771,-0.011512853451494554,0.5517921538331219,0.23275719774099354,0.21530048273846653,-0.9183078314580165,0.3510271989339676,138.0,4,0.8195255092810896
SOXL,SOXX,BREAKOUT_RSI,B90_RSI92,0.11214615500573744,0.07123978186318913,0.5149083510638929,0.4061448962255852,0.16027137268429287,-0.8206154086238879,0.38303530803170127,439.0,4,0.8123358387361767
SOXL,SOXX,BREAKOUT_RSI,B63_RSI92,0.10508537510732763,0.09009589287808728,0.4989455924863449,0.47658692930259106,0.13950580461135292,-0.8053024099329399,0.403143177389923,471.0,4,0.8026460758623892
SOXL,SOXX,BREAKOUT_RSI,B40_RSI92,0.10005682064319932,0.09208158087049712,0.5061403536370628,0.4609363182142625,0.13310642683063162,-0.845890426919318,0.4345347798642005,510.0,4,0.8005216504565087
SOXL,SOXX,BREAKOUT_RSI,B90_RSI95,0.12328553488271787,-0.0026546883715460323,0.5121496989118107,0.40689517120914326,0.14234950678071165,-0.8660763052213335,0.4968630791251559,341.0,4,0.7548956543090353
SOXL,SMH,PULLBACK_RECLAIM,RSI15_R20_H10,0.13425555461913208,0.0035682723505032765,0.5123384166615286,0.1966289551300225,0.18529429224409416,-0.843550145061563,0.2088230452037257,167.0,4,0.74857408386338
SOXL,SOXX,BREAKOUT_RSI,B50_RSI95,0.10430427418483224,0.018378190342746903,0.5129613310359978,0.41007440526767897,0.12198083265774748,-0.8550874093267431,0.5556812024282243,383.0,4,0.7466498601820385
SOXL,SOXX,BREAKOUT_RSI,B40_RSI90,0.11604225278438274,0.021012377045814823,0.49447417648684644,0.32125465594580005,0.1528362525926452,-0.8815212899713589,0.38675943915170524,557.0,4,0.7381302815888491
SOXL,SOXX,BREAKOUT_RSI,B50_RSI92,0.07879634379715494,0.07397484641212548,0.4836069173698804,0.41842920397965905,0.11119598565477395,-0.8559585218183756,0.42205249832345904,494.0,4,0.7363976272256318
SOXL,SOXX,BREAKOUT_RSI,B126_RSI92,0.09809976843157542,0.06228966587522655,0.47152441849645743,0.41064183836489276,0.12380265630912761,-0.827127793563037,0.37527232890959045,433.0,4,0.7291323673344214
SOXL,SOXX,BREAKOUT_RSI,B63_RSI90,0.10204982720913247,0.02180668060991131,0.47044018577199687,0.3129441764169584,0.136442944445354,-0.8922590195006429,0.349450867158254,508.0,4,0.6960225146265461
SOXL,SOXX,BREAKOUT_RSI,B126_RSI95,0.11177603694739657,-0.040541122533402585,0.4967725952523554,0.3563896607212866,0.1256520532556803,-0.8895679302585818,0.48514691688327083,336.0,4,0.6912515024216561
SOXL,SMH,MHT,MHT4_3,0.06394814596504406,0.03168453875901012,0.47229977965204245,0.4493653163982671,0.07329573253126433,-0.8724675196849552,0.6995544897210249,347.0,4,0.6737791106623786
SOXL,SOXX,BREAKOUT_RSI,B50_RSI90,0.09357305231941038,0.009044482548028032,0.4606925536114991,0.2965040259840996,0.12455724784926045,-0.8892615936542573,0.36999435700521605,531.0,4,0.6638980492307984
SOXL,SMH,BREAKOUT_RSI,B63_RSI85,0.07953201337476756,0.019950203725811244,0.4105560193093128,0.3070144930370781,0.11493345172366654,-0.8297747412359029,0.2770478610594085,636.0,4,0.6122181961551545
SOXL,SOXX,BREAKOUT_RSI,B90_RSI90,0.08293064953203733,-0.010281515036460687,0.434357442466891,0.24687128981860643,0.11589376481605197,-0.900300255447457,0.3268402943488222,476.0,4,0.6068282722193642
SOXL,SOXX,BREAKOUT_RSI,B126_RSI90,0.07741868354799697,0.004729865792809651,0.4245311798098541,0.270995828956454,0.10927722525045405,-0.9068127667505721,0.31451909477619633,468.0,4,0.6039222951958265
SOXL,SMH,BREAKOUT_RSI,B40_RSI85,0.06329805867746985,-0.013770909948937482,0.37871143247886185,0.27275529877944044,0.09255987161016302,-0.85754490694852,0.309406967904095,690.0,4,0.5325746738094163
SOXL,SMH,BREAKOUT_RSI,B50_RSI85,0.059618626826128174,-0.027310926608205777,0.3740360633952855,0.23021935517940045,0.09156857928217403,-0.8910317492768126,0.3001485586321745,673.0,4,0.5095040181682068
SOXL,SMH,BREAKOUT_RSI,B90_RSI85,0.05542246041469001,-0.003384807007270285,0.36180608126577507,0.2710713983870057,0.08103893153467137,-0.8399186429305309,0.28145331457710565,614.0,4,0.5089204588935627
SOXL,SMH,BREAKOUT_RSI,B126_RSI85,0.029774645543930722,-0.02111317531431023,0.30614479321150273,0.2378825780023008,0.04450917975746978,-0.8655556635947279,0.26448802221785495,584.0,4,0.3995680298123926
USD,SMH,PULLBACK_RECLAIM,RSI5_R10_H40,0.8341096732169674,0.3074219330158461,2.0182535730032916,1.1545941737441627,3.8906913221762323,-0.3639715833284156,0.28866864416587534,67.0,4,5.460613082947255
USD,SOXX,PULLBACK_RECLAIM,RSI5_R10_H40,0.5479375595110921,0.22949671630296997,1.527560870677875,0.8918581869348485,2.191768718072961,-0.5269425586906886,0.25701412416390945,60.0,4,4.0570424936360325
USD,SMH,PULLBACK_RECLAIM,RSI5_R10_H20,0.45015382347612465,0.16812151056648705,1.7022636549827368,0.8675302511935766,2.0165395019360544,-0.47725522299647605,0.15944409678765123,76.0,4,4.019746475000429
USD,SOXX,PULLBACK_RECLAIM,RSI5_R20_H40,0.4331629335039475,0.19959941638871292,1.5352367045419486,0.9461652969568759,2.0413969724970977,-0.3920132238263523,0.20442219440967876,49.0,4,3.9129747094726217
USD,SMH,PULLBACK_RECLAIM,RSI5_R20_H40,0.41626792617829733,0.1583476260365737,1.5883321554017147,0.7840352790861401,2.044123175856242,-0.5289273653452513,0.18191141704908914,46.0,4,3.9076379640477783
USD,SMH,MA_REGIME,MA63_EXIT250,0.7320204454169326,0.3472671067178048,1.2116355921361128,0.8644301795616112,1.3352862292380339,-0.5482123827747792,0.8148356831329675,304.0,4,2.9366629196234517
USD,SMH,PULLBACK_RECLAIM,RSI5_R10_H10,0.20944087819881596,0.11441305120310319,1.3410121292541834,0.8131644032195573,1.1710646136049734,-0.24853422724170182,0.08074329022389098,77.0,4,2.7725743692655977
USD,SMH,MA_REGIME,MA40_EXIT250,0.7262317221207663,0.31900762638158797,1.2006282429002255,0.8156492510107072,1.2036531576023504,-0.6483913405823738,0.8247896595076122,373.0,4,2.767697526446047
USD,SMH,MA_REGIME,MA90_EXIT250,0.6569137571297252,0.30614036211490925,1.1377432594306411,0.8001440142638461,1.0867720133747654,-0.6407617030938049,0.8140388703839636,268.0,4,2.5776214574288225
USD,SMH,MA_REGIME,MA20_EXIT250,0.6950244305828146,0.29838641468583393,1.1654013990659502,0.7792405605647692,1.0590561439561983,-0.6562677857535382,0.8379285088060016,452.0,4,2.5684608905062576
USD,SMH,MA_REGIME,MA100_EXIT250,0.6454978361436494,0.3065095337880004,1.1269779344087345,0.8010786690757483,1.0617972663577704,-0.6116930090908267,0.8134414986294376,259.0,4,2.542299634929442
USD,SMH,MA_REGIME,MA40_EXIT200,0.6219465367331907,0.26319180576027734,1.101395871662456,0.7290718704652861,1.0983529851755955,-0.6865447218171317,0.8124490498015895,359.0,4,2.513612727334512
USD,SMH,PULLBACK_RECLAIM,RSI15_R10_H40,0.6327044943228359,0.2354051518029343,1.1469480270010717,0.7026195946039954,1.0424142221518702,-0.610533446811438,0.6072034979857728,134.0,4,2.482719723705408
USD,SMH,MA_REGIME,MA20_EXIT200,0.6226194214139867,0.24824941547909996,1.0990035057160965,0.7009445466626656,1.0710787058297824,-0.6836420923568303,0.8241927633675405,448.0,4,2.4694430559510954
USD,SMH,PULLBACK_RECLAIM,RSI10_R10_H40,0.557475178689416,0.218429035656182,1.101598184479919,0.7119435797039418,1.0572812208186981,-0.6105334468114378,0.4628703649389707,103.0,4,2.4460798180526933
USD,SOXX,PULLBACK_RECLAIM,RSI5_R10_H20,0.26922460001225124,0.08831356722443218,1.1204088062265036,0.5026833120660673,1.1473356796250125,-0.5112304601407947,0.1432505273025545,70.0,4,2.4375720974802486
USD,SMH,MA_REGIME,MA30_EXIT200,0.6001230653856569,0.25354718000071386,1.0770567103081121,0.7116882085679664,1.0144630069670064,-0.6656632547847704,0.8162303432509517,386.0,4,2.396215359417467
USD,SMH,MA_REGIME,MA30_EXIT250,0.6512771936081412,0.29117632229211465,1.1255989296674935,0.7695592396046539,0.9293065155954737,-0.7008206470938396,0.8265798723133728,395.0,4,2.392883416310188
USD,SMH,MA_REGIME,MA63_EXIT200,0.5921740966967283,0.3008959363529591,1.0650957198827178,0.7948316373151805,0.9567663030618861,-0.6189328520471785,0.798710450676403,283.0,4,2.371017900449879
USD,SOXX,PULLBACK_RECLAIM,RSI5_R20_H10,0.1554579186673668,0.10695896900629331,1.1559845620671083,0.8834196774957543,0.9125226924546949,-0.1866590638611475,0.06114056844517356,58.0,4,2.3428416583988882
USD,SOXX,PULLBACK_RECLAIM,RSI15_R10_H40,0.5459561278504517,0.30824765687416744,1.0757640778009918,0.8565351635322979,0.891660487685291,-0.6122914891829829,0.5596127230037272,121.0,4,2.335682184806441
USD,SMH,PULLBACK_RECLAIM,RSI5_R20_H10,0.14980897606270416,0.08755856390680439,1.2127944658334806,0.7501911544621832,0.8864311423158067,-0.2460937871238511,0.05919898836028435,57.0,4,2.330552678718235
USD,SMH,PULLBACK_RECLAIM,RSI5_R20_H20,0.19442877966468708,0.08420943392647562,1.1864693465934637,0.5873294703992417,0.9260602587294235,-0.5119268306379636,0.10465035283701793,52.0,4,2.3014666898859355
USD,SMH,MA_REGIME,MA50_EXIT250,0.5867768603550401,0.2900873491954892,1.0676874354556247,0.7716688003678306,0.8774572067633775,-0.6687241905727208,0.819613705940266,341.0,4,2.2831055169087042
USD,SOXX,MA_REGIME,MA63_EXIT250,0.5782912383275869,0.28479548970210367,1.0716494106775478,0.7714565901710171,0.8280782657806312,-0.6983533588850209,0.7754267487136699,363.0,4,2.2349895688519847
USD,SOXX,PULLBACK_RECLAIM,RSI5_R20_H20,0.18871974988921458,0.11856684228938996,1.085853555691326,0.7701348392588233,0.89273149659553,-0.4172596799849362,0.11057599666692705,56.0,4,2.2304021832462566
USD,SOXX,MHT,MHT6_3,0.44137366473264594,0.16773881211809583,1.023547770881024,0.6110685519022022,0.9592431855583496,-0.512712280772833,0.5302722152690864,139.0,4,2.219427500473972
USD,SMH,MA_REGIME,MA50_EXIT200,0.529111372972936,0.2567229163447824,1.007098194738628,0.719522156442215,0.8976856529312225,-0.6137350852972829,0.8056789951217811,326.0,4,2.2130258449527953
USD,SMH,MA_REGIME,MA20_EXIT100,0.5704603679804534,0.23441279629502199,1.0550937016870279,0.6881053466270957,0.8280863036735311,-0.688889993047578,0.7660639574610433,479.0,4,2.1724127401648436
USD,SMH,MA_REGIME,MA90_EXIT200,0.514412566487969,0.2549792094600698,0.9959203459194492,0.7188425810992005,0.8432371890726196,-0.7183819566393623,0.7941299664057657,241.0,4,2.146357784996904
USD,SMH,MA_REGIME,MA100_EXIT200,0.4981474103717455,0.25302187728752124,0.9779726625692708,0.7156007519030119,0.8494944175924062,-0.7001194126170693,0.7949263035403155,232.0,4,2.1328782067811907
USD,SOXX,MHT,MHT6_2,0.42305924355935287,0.22144622029047123,0.9626021511459184,0.7092684525997098,0.8472032965048726,-0.4993597703227536,0.6034604888054512,91.0,4,2.0978456709459543
USD,SMH,PULLBACK_RECLAIM,RSI15_R10_H20,0.41794934946922324,0.18584050709283506,0.9773133261815729,0.6480293662644542,0.8339349273461608,-0.6208492786463787,0.42404120089478936,187.0,4,2.0661758486402646
USD,SMH,BREAKOUT_RSI,B20_RSI92,0.45551579675179754,0.14013747164721657,1.0454228341708398,0.531970042827093,0.8085073749399255,-0.6140848500065845,0.4568101620080657,613.0,4,2.0569914556411466
USD,SOXX,MA_REGIME,MA50_EXIT200,0.49501949181179583,0.2716388098912492,0.9780772662199393,0.7522296631650596,0.7426833099787411,-0.666528364325254,0.768521415658462,389.0,4,2.0446373969355696
USD,SOXX,PULLBACK_RECLAIM,RSI10_R10_H40,0.37498786737336764,0.19537795731362273,0.9031366600927465,0.6711979275619817,0.8261807768731613,-0.6117222889710849,0.4312158449370049,97.0,4,1.9948058975132148
USD,SOXX,MA_REGIME,MA63_EXIT150,0.4624386006587967,0.2416359406986348,0.9659044003225994,0.709007879507132,0.7273674373014776,-0.6357702819010391,0.7271676401056877,317.0,4,1.9913417778501774
USD,SOXX,MA_REGIME,MA63_EXIT200,0.48981708871258567,0.26732207199193425,0.9790497750800157,0.7472366747170627,0.6832411139017154,-0.716902245410024,0.7588609025170352,342.0,4,1.9827610936569637
USD,SOXX,MA_REGIME,MA40_EXIT250,0.4920057158865393,0.24313143279846616,0.979289453823434,0.6978167957754217,0.6988096073310095,-0.7040626097939262,0.7924593177568149,417.0,4,1.974118976497532
USD,SOXX,MA_REGIME,MA50_EXIT250,0.46755039350356675,0.27198446958021205,0.951257042404773,0.7478487264841601,0.6797944554124877,-0.6877820049589332,0.7836643245970626,399.0,4,1.954005914228407
USD,SMH,BREAKOUT_RSI,B40_RSI95,0.4330712544083076,0.16405547116488228,0.955479435640245,0.5748766000419389,0.7607010171513195,-0.615342316257515,0.4972839313030176,452.0,4,1.9419273383844902
USD,SOXX,MA_REGIME,MA40_EXIT200,0.4670421805859193,0.22182586919252567,0.9583717092096963,0.6651571847344664,0.7047150397117681,-0.6627390565936295,0.7768521415658463,418.0,4,1.9402889797013438
USD,SOXX,MA_REGIME,MA40_EXIT160,0.4476430113388288,0.24992718320568152,0.9380062555154337,0.717857315185874,0.690381934542005,-0.6483990801928969,0.7526747844527881,421.0,4,1.932816110456748
USD,SMH,BREAKOUT_RSI,B20_RSI95,0.4419311438546616,0.20253824221170436,0.9655280851978157,0.6448491792118822,0.6998249001978476,-0.6314881675826671,0.5285579528285584,488.0,4,1.9278344013044861
USD,SOXX,MA_REGIME,MA63_EXIT160,0.4581527994722887,0.24488721755743392,0.9588195431498472,0.7135202064234345,0.665421079969519,-0.6885156080316471,0.7319718224169101,322.0,4,1.9250642835039418
USD,SMH,MHT,MHT6_2,0.42490774238809903,0.21337616879671972,0.9501354383432314,0.6848273442434663,0.6703274641131527,-0.6338808494893682,0.6442172416581188,90.0,4,1.8983578229156106
USD,SMH,BREAKOUT_RSI,B40_RSI92,0.421804426344655,0.11442008801198944,0.9695338475382965,0.4781033603429864,0.7260115112309335,-0.6907481149555883,0.4102654359616187,545.0,4,1.8722812428609714
USD,SMH,BREAKOUT_RSI,B50_RSI95,0.4106788950625906,0.1585868391556784,0.9291447453761987,0.5654970962700785,0.7183323885553999,-0.6217391410064006,0.4793491864831039,442.0,4,1.8681448275769574
USD,SMH,MA_REGIME,MA30_EXIT100,0.4516330109173733,0.22694671691717772,0.9425967510393237,0.6781391110140584,0.6360568457180634,-0.7100513326092913,0.7521282954136499,403.0,4,1.8616617329694907
USD,SMH,MA_REGIME,MA63_EXIT100,0.42682160022436944,0.229149757826568,0.9193763089747584,0.6875170291696802,0.6354523272692947,-0.671681543851659,0.7439645136141736,261.0,4,1.8412827724497571
USD,SMH,PULLBACK_RECLAIM,RSI10_R10_H20,0.3303104722187401,0.09452543345713282,0.8800670964204789,0.4412613972146511,0.799766269356889,-0.610533446811438,0.3205316418369498,146.0,4,1.837411431809597
USD,SOXX,PULLBACK_RECLAIM,RSI10_R20_H10,0.21680121414482723,0.09573189258238601,0.9511360617647889,0.5690317933386185,0.6949581445845158,-0.42862009463126594,0.16086105240795673,138.0,4,1.8362181009751524
USD,SOXX,PULLBACK_RECLAIM,RSI15_R10_H20,0.3401496154113237,0.19576241969948827,0.8769168990852951,0.6808486703502706,0.6861924979898,-0.5978022644122377,0.41739311787853484,185.0,4,1.8312027745124069
USD,SOXX,MA_REGIME,MA20_EXIT100,0.44539225515909986,0.19974486437012118,0.9284352866737473,0.6286271424974548,0.6455807039403771,-0.7042175186523509,0.7400982999582812,533.0,4,1.8310452084235487
USD,SOXX,PULLBACK_RECLAIM,RSI15_R20_H40,0.3759632741631427,0.18259039643759833,0.9055362659367812,0.6367731068734,0.6680032808329429,-0.6105334468114381,0.4363898960465341,102.0,4,1.8240280217068732
USD,SOXX,MA_REGIME,MA20_EXIT250,0.46393559193584544,0.19199696809901923,0.9357220365326544,0.6059070756335786,0.6367509756559856,-0.7285981642319364,0.8131799202968095,522.0,4,1.8199482651465442
USD,SOXX,MHT,MHT5_2,0.3873037829972181,0.21291670018379794,0.8859988382044404,0.669926547827286,0.6580782378171158,-0.5885375943777258,0.6709602280628564,136.0,4,1.8180170630702768
USD,SMH,BREAKOUT_RSI,B50_RSI92,0.4041313077729404,0.10880605645762254,0.951810478481767,0.4654581524457143,0.6934170409834144,-0.6996108523808136,0.39794752120706434,530.0,4,1.8159950858054212
USD,SOXX,PULLBACK_RECLAIM,RSI10_R20_H40,0.3797017223778102,0.13167746021999038,0.9404812101789617,0.5296095474817716,0.6767627322819892,-0.6105334468114378,0.40075606844409073,92.0,4,1.815485059441389
USD,SMH,MA_REGIME,MA40_EXIT100,0.42622596672905233,0.21120799456502182,0.9160541145683276,0.652003647098827,0.6241037062027142,-0.6829409319203924,0.7471503559974191,362.0,4,1.8087627298282594
USD,SMH,MHT,MHT5_2,0.4245623460839071,0.22916912847777882,0.9224237898329185,0.6938261645036508,0.5823314719994008,-0.7290733310810034,0.7105629159741891,153.0,4,1.7927963671971212
USD,SMH,MA_REGIME,MA20_EXIT160,0.43647292355816913,0.23527290589137162,0.9071541918929171,0.680979400104346,0.5880826232483547,-0.7421966001090994,0.8028830148586825,457.0,4,1.783118118113044
USD,SOXX,MA_REGIME,MA90_EXIT250,0.4365759454859748,0.2482421409947868,0.9098066691227427,0.7091320971299504,0.5716784937622326,-0.7636739010643135,0.7792782677137707,318.0,4,1.7828892576648563
USD,SOXX,MA_REGIME,MA20_EXIT200,0.45530568273712646,0.1875549352831054,0.9274398849781609,0.6006169458277116,0.6031451210169534,-0.7548857926089875,0.7974986093728271,528.0,4,1.7745167100935948
USD,SMH,BREAKOUT_RSI,B20_RSI90,0.38745336485647663,0.11181420469091452,0.9297110865669632,0.4711928715767276,0.6629899702681349,-0.7080421145150393,0.424519364483382,682.0,4,1.7664063770747371
USD,SMH,MA_REGIME,MA50_EXIT100,0.40362843074637567,0.20314234495014882,0.885696249747951,0.637595007681287,0.6172624802283271,-0.6539008018065063,0.7422759493769653,308.0,4,1.7639286543716743
USD,SMH,MA_REGIME,MA90_EXIT100,0.4164810045956092,0.21692642169678544,0.8971904128710397,0.6639481295377082,0.5902133810586272,-0.7056448023062345,0.7463516407905981,226.0,4,1.7618540371624867
USD,SOXX,MA_REGIME,MA40_EXIT150,0.3993747804205072,0.22756470720440536,0.8806411605232951,0.6795063462810754,0.592281617511964,-0.6742987940402185,0.7463365665415103,427.0,4,1.7565817182077306
USD,SMH,MA_REGIME,MA20_EXIT150,0.4344630652137129,0.2099379747897836,0.9032392130851616,0.6384643512539833,0.579260230453404,-0.7500308883170627,0.7991074302075423,451.0,4,1.7470845187469533
USD,SOXX,MA_REGIME,MA20_EXIT160,0.422624124006474,0.21311822233757893,0.9002286018589276,0.6474591430820816,0.5735161995263549,-0.7369000637741412,0.7720414406897511,529.0,4,1.7421686983245925
USD,SMH,MHT,MHT4_2,0.4017127105517465,0.20935832353396933,0.8820913017097618,0.6501703189042305,0.5859560457893156,-0.6855679934330521,0.7433647820179687,191.0,4,1.7352690889921196
USD,SOXX,MA_REGIME,MA50_EXIT160,0.37410038309502935,0.2329302338138839,0.849092538216589,0.6897443675578493,0.5919317023896926,-0.6319992350211106,0.7452631761924629,381.0,4,1.7299254494026859
USD,SMH,PULLBACK_RECLAIM,RSI10_R20_H10,0.2067290262402217,0.07881673829809377,0.9960704665561604,0.5084418118555413,0.5646830856436642,-0.44139587979168404,0.1350501899924315,119.0,4,1.7272723743127567
USD,SOXX,MA_REGIME,MA40_EXIT100,0.37404302407701107,0.21659118763043717,0.8560081337449659,0.6648777517307551,0.5890598154393125,-0.634983093861283,0.716435909470171,392.0,4,1.7195829809321856
USD,SMH,BREAKOUT_RSI,B63_RSI95,0.3565280720898678,0.16030528751345563,0.8683612917808623,0.5743221688868108,0.6220442845137295,-0.610533446811438,0.45436135447086634,421.0,4,1.7141387622730222
USD,SOXX,PULLBACK_RECLAIM,RSI15_R10_H10,0.29301457364388117,0.15800307705801142,0.854703428541967,0.6455211163256923,0.6187310699996819,-0.5469980746262735,0.2807052728203778,252.0,4,1.7138163161520779
USD,SOXX,MA_REGIME,MA63_EXIT100,0.3794853360540935,0.1991521465665198,0.8679078015780907,0.6349952636676022,0.5728318135638625,-0.6624725217217471,0.7060105513836741,288.0,4,1.6990645043421135
USD,SOXX,MA_REGIME,MA50_EXIT150,0.3706690273194694,0.23088021776193335,0.8451443562982504,0.6871411562527163,0.5666804651735764,-0.6541058852380452,0.7396919760812126,385.0,4,1.6990502194159725
USD,SMH,MHT,MHT6_1,0.3921890527502637,0.17961252469374078,0.8709375268169718,0.6046992013164372,0.5858718112936356,-0.6694110301778982,0.6691021825947305,76.0,4,1.697790400786587
USD,SMH,MHT,MHT4_1,0.39450161218347135,0.22177212582492634,0.8640976809862264,0.6646913012141323,0.5466089654938955,-0.7217254693709871,0.7732271867563569,125.0,4,1.6877655346961182
USD,SOXX,MA_REGIME,MA30_EXIT200,0.4088401007059478,0.22185941412714882,0.8701118312233272,0.6625580710829656,0.5194094406284007,-0.787124893631733,0.7883530628563482,472.0,4,1.666090496686044
USD,SMH,BREAKOUT_RSI,B63_RSI92,0.33664274947370465,0.11636515530438918,0.8760248099003609,0.48963766309736384,0.5946034513224027,-0.6105334468114381,0.35644816437213184,502.0,4,1.651220254649299
USD,SMH,BREAKOUT_RSI,B90_RSI95,0.33641583829546484,0.15335495698446477,0.8429478419082377,0.5615161349960651,0.585569392643787,-0.6105334468114378,0.44516365943540537,403.0,4,1.6455737467932734
USD,SOXX,MA_REGIME,MA20_EXIT150,0.3809028300837891,0.20434960641179845,0.8502758232094482,0.6326338916519261,0.5332643921258201,-0.7142851383069992,0.7651404533444583,540.0,4,1.643873491454149
USD,SOXX,MA_REGIME,MA90_EXIT200,0.3798712605665965,0.24890481378767015,0.849338453875479,0.7157958004388871,0.4908195938484384,-0.7739529255303081,0.7635673063551662,292.0,4,1.6435594047274744
USD,SMH,MHT,MHT5_1,0.38728941128527694,0.2052802589492948,0.8575721325579142,0.6396603691261198,0.5216901608240806,-0.7423743830504694,0.7447565884492273,109.0,4,1.6418175151381724
USD,SMH,PULLBACK_RECLAIM,RSI10_R20_H40,0.3486399802929767,0.07789099616505779,0.8795917655238974,0.39292216280431314,0.622026754605143,-0.6531417246821334,0.3551943293566266,83.0,4,1.6387945589126476
USD,SMH,BREAKOUT_RSI,B126_RSI95,0.33107715886498335,0.15440595942452573,0.8390975499995543,0.5711675393168429,0.5794308809415405,-0.6105334468114378,0.41946313099707966,386.0,4,1.6385232954825684
USD,SMH,MA_REGIME,MA50_EXIT160,0.375637661556094,0.224199775343082,0.8414456056305455,0.6678530406934838,0.5140658943036736,-0.7307188936642314,0.7747601768191028,320.0,4,1.6345746477791312
USD,SOXX,MHT,MHT4_2,0.35979312063155355,0.20060057099352613,0.8349638060018085,0.637171172637849,0.5295160709598681,-0.679475355638115,0.7185913815880962,195.0,4,1.624072955617902
USD,SMH,MA_REGIME,MA90_EXIT150,0.37487968980909225,0.22209401889318303,0.8409176642653289,0.6658650500410356,0.49851390694682784,-0.7519944470658018,0.77322528429854,233.0,4,1.616944843169007
USD,SOXX,PULLBACK_RECLAIM,RSI15_R20_H10,0.2276801488088459,0.14246814586602818,0.8712134018712068,0.693793673068662,0.4959215209014502,-0.4591051995383977,0.2032184985548004,180.0,4,1.6118174139728367
USD,SOXX,MA_REGIME,MA30_EXIT100,0.3714901027862826,0.21945603358449528,0.8281987417182723,0.6676426316897328,0.503679385747666,-0.7375527236137321,0.728755997079683,466.0,4,1.608516802180619
USD,SMH,MA_REGIME,MA100_EXIT150,0.36826137615414856,0.2201023481260045,0.8330049160720373,0.6624829940483453,0.4957474426716806,-0.7428406976131142,0.7736232150585878,218.0,4,1.6044242813188065
USD,SOXX,MA_REGIME,MA90_EXIT150,0.354368957581099,0.23912619277564318,0.8258862096476443,0.7043392441862572,0.47843577979299334,-0.7406823915519556,0.7234368481435127,259.0,4,1.5999698968750236
USD,SMH,BREAKOUT_RSI,B40_RSI90,0.34332160957053093,0.08885063974065877,0.8500207489858445,0.4163567883281458,0.5816292711585389,-0.7549653158094216,0.38589034904742037,601.0,4,1.5801645370967492
USD,SMH,BREAKOUT_RSI,B126_RSI92,0.3112867241923457,0.1171327059514371,0.8421821388112868,0.5021128848819032,0.5519963773026143,-0.6105334468114381,0.33243811709080795,460.0,4,1.5782730903100954
USD,SMH,PULLBACK_RECLAIM,RSI15_R10_H10,0.2732028524120793,0.07047457781424571,0.7977568082683859,0.3799241101058591,0.6480756873922785,-0.7248952904918544,0.2707522476746417,249.0,4,1.576050812094252
USD,SOXX,MA_REGIME,MA50_EXIT100,0.3339655446061236,0.19838534837951793,0.8020983744119569,0.63204184503962,0.5103169646141584,-0.6544276748836462,0.7089743255458212,345.0,4,1.5696184744757793
USD,SMH,MA_REGIME,MA50_EXIT150,0.35786973947289913,0.19444343795827623,0.8177312192291804,0.6155438985172385,0.48975022074267305,-0.7307188936642313,0.7710502608657205,311.0,4,1.558589133580301
USD,SOXX,MHT,MHT6_1,0.3224878628195238,0.2035490559477704,0.7910056707963449,0.6573751147358362,0.48713499120026094,-0.6620092349041486,0.6341151265470728,73.0,4,1.54425896865445
USD,SOXX,MA_REGIME,MA90_EXIT160,0.3432000004547402,0.22755344139867817,0.8112404279897201,0.6825276300249591,0.4485649674921458,-0.7651065627650684,0.7293144208037825,264.0,4,1.5442140236874446
USD,SOXX,PULLBACK_RECLAIM,RSI5_R10_H10,0.11577071130220418,0.050599856889254724,0.8211315759283839,0.3845088939519468,0.5939464418112952,-0.5274767563692767,0.07166796403720574,71.0,4,1.5365051696722931
USD,SMH,MHT,MHT6_3,0.3177411373401884,0.11851852243479577,0.8150737704245747,0.4902271200754514,0.5307038202792036,-0.5987165066439972,0.5659998304653726,161.0,4,1.5275936319400392
USD,SMH,MA_REGIME,MA40_EXIT160,0.3518441043330178,0.21757555010907637,0.8114997156175726,0.6549639128138097,0.4396229808330614,-0.8003314650801299,0.783238231457857,368.0,4,1.5236514497086249
USD,SOXX,MA_REGIME,MA30_EXIT250,0.3606615666792754,0.1956891319626366,0.799603541658074,0.613737873521973,0.4713562413998719,-0.7651570829064521,0.8051262113480491,463.0,4,1.5222388174197574
USD,SMH,BREAKOUT_RSI,B50_RSI90,0.3266356931436657,0.0800481122708181,0.8304813697520339,0.3943627454119338,0.5519632761036547,-0.7812696426183606,0.37418517939090534,584.0,4,1.521059388344081
USD,SOXX,BREAKOUT_RSI,B20_RSI92,0.3090777690598553,0.13549724148723463,0.7994150248131442,0.5206697140527102,0.5190335767195884,-0.610533446811438,0.47604043938838303,586.0,4,1.5163646507895274
USD,SOXX,MA_REGIME,MA90_EXIT100,0.33177534245106743,0.21835533589875067,0.7943638574833544,0.6705001572049242,0.4369045893675393,-0.7593771054942309,0.7106604609929078,201.0,4,1.5080711541015
USD,SMH,MA_REGIME,MA100_EXIT160,0.3289660449027295,0.23143092581689895,0.7842913048016671,0.6815004923324705,0.436405366080423,-0.7538084324153478,0.774020194589727,229.0,4,1.5067872568736573
USD,SOXX,MA_REGIME,MA100_EXIT250,0.34807604727470876,0.20264028876382612,0.8066669986706747,0.6300289751074121,0.44010593424839267,-0.7908915108566955,0.7774558813776207,299.0,4,1.5056003210778333
USD,SOXX,MA_REGIME,MA30_EXIT160,0.3393191747967226,0.22380735620071146,0.7868813107940509,0.6691115714134687,0.43515994771171623,-0.7797573664144157,0.7647363023223475,470.0,4,1.50122282945949
USD,SMH,MA_REGIME,MA90_EXIT160,0.3292115950490625,0.2256857257619802,0.7844296380248208,0.6714486200208772,0.42800352607816433,-0.7691796328540998,0.774817007338731,239.0,4,1.4931381819891945
USD,SMH,MA_REGIME,MA30_EXIT150,0.3401279223908855,0.20275192459418245,0.7950094125538321,0.6280708994002108,0.4336154095840584,-0.7843999887299903,0.7875603039493438,381.0,4,1.4870185092850345
USD,SOXX,PULLBACK_RECLAIM,RSI10_R10_H20,0.23368436075007903,0.11381756754130667,0.7364165906701301,0.513378904045001,0.55830234319838,-0.5556658338281135,0.296835737035939,138.0,4,1.4799724436504136
USD,SOXX,MHT,MHT5_3,0.3087229386908219,0.12955349839167174,0.793508636281256,0.5074665716787478,0.4937362448905647,-0.6252790672867241,0.5990452475316368,229.0,4,1.4788882732873434
USD,SMH,MA_REGIME,MA30_EXIT160,0.32933368183806466,0.2148462533905411,0.781846809735541,0.6486250724739029,0.4235024808361578,-0.7776428633613492,0.7907918854635634,394.0,4,1.474928685385445
USD,SOXX,BREAKOUT_RSI,B20_RSI95,0.33014393910796924,0.15013223882814253,0.7958494405448795,0.5376482069484028,0.4680719873971768,-0.7053272744301824,0.590964399944375,444.0,4,1.473399599093228
USD,SMH,BREAKOUT_RSI,B90_RSI92,0.28783604628053105,0.1014956809948615,0.7983906527923124,0.4535310443141993,0.5067215143628863,-0.6105334468114378,0.3561461375330274,484.0,4,1.4692427687311793
USD,SMH,MA_REGIME,MA40_EXIT150,0.3356737294010885,0.19181934570855952,0.7908832702785373,0.6098852303150151,0.41626252192522556,-0.8063991152712677,0.7807921517273524,356.0,4,1.4555267726367966
USD,SOXX,MA_REGIME,MA30_EXIT150,0.30329853812762686,0.21932900781720988,0.7540386551440815,0.6621201117038927,0.39864362052171587,-0.7608262681607492,0.7574268182450286,478.0,4,1.4278768075003756
USD,SMH,MA_REGIME,MA63_EXIT150,0.32372458222372225,0.199468119938782,0.7688733118212427,0.6255881075012156,0.39543477311595654,-0.8186548180192386,0.7732257599129942,273.0,4,1.420439171781894
USD,SMH,PULLBACK_RECLAIM,RSI15_R20_H40,0.30352458918443326,0.07165797510308258,0.7720384326217309,0.3753666361267144,0.48743090572714465,-0.7495914231497949,0.481792051848317,111.0,4,1.3891399849320953
USD,SOXX,MA_REGIME,MA100_EXIT200,0.2998340495926103,0.2171213181181888,0.7394238657582026,0.659546623382713,0.3731345581356841,-0.803554758076256,0.7620854192740926,277.0,4,1.3860057387986593
USD,SMH,MA_REGIME,MA63_EXIT160,0.3008159326173938,0.22736686591960398,0.7382272855268828,0.6743776426239249,0.3618965109173178,-0.8312208698970325,0.7754143790932568,279.0,4,1.3824016400599837
USD,SMH,BREAKOUT_RSI,B63_RSI90,0.2656067488009346,0.08816345685222227,0.7536681158020075,0.41802283161907794,0.4572414251354923,-0.6616835218167907,0.3336570887220136,555.0,4,1.3594969772683805
USD,SOXX,BREAKOUT_RSI,B40_RSI95,0.2911808098487362,0.13365640936680312,0.7428587667627362,0.5072656470228767,0.4128307814042419,-0.7053272744301822,0.5693810512030668,409.0,4,1.3493341646060988
USD,SMH,PULLBACK_RECLAIM,RSI10_R10_H10,0.20454272637278081,0.055064866395630796,0.7646318020258277,0.34695562339095015,0.46855846850475075,-0.6451126019165123,0.16922283012795614,159.0,4,1.3474616095761311
USD,SOXX,MHT,MHT5_1,0.2714505124796761,0.1901045939666859,0.7165392071244578,0.6167488879062974,0.3750420618042313,-0.7237868498637121,0.7027903803365319,98.0,4,1.3408207878886065
USD,SOXX,BREAKOUT_RSI,B20_RSI90,0.25386397380648285,0.12449170110980234,0.7335351291077488,0.5074542613216538,0.415920109830236,-0.6105410788086849,0.41061240536140176,649.0,4,1.3385646548232992
USD,SOXX,MHT,MHT4_3,0.2629723199200117,0.1259881834036345,0.7096783809977443,0.49481998259000737,0.3750709166920497,-0.7011269288466957,0.6506635899040467,350.0,4,1.2714483850391132
USD,SMH,BREAKOUT_RSI,B126_RSI90,0.2361734331028581,0.08749629679680493,0.7030789571767986,0.4212237622835086,0.40954318502445924,-0.6649440870702894,0.3121001946878042,504.0,4,1.2616762311705374
USD,SOXX,BREAKOUT_RSI,B40_RSI92,0.24057901360180034,0.103130135954286,0.6939003187314974,0.44980255448742046,0.39310279072820653,-0.6488382690444985,0.43419699633618336,529.0,4,1.251018816058702
USD,SMH,MHT,MHT5_3,0.25512041206131164,0.13221033229712997,0.7019976405828623,0.5111103278753655,0.3489750745033337,-0.731056257884328,0.6453496962851993,262.0,4,1.2448554632036024
USD,SOXX,BREAKOUT_RSI,B50_RSI95,0.24733907277156242,0.11241990485422448,0.6814934183165277,0.4642457620860629,0.3506727752324368,-0.7053272744301822,0.5550465071667171,399.0,4,1.2044375864975925
USD,SOXX,MA_REGIME,MA100_EXIT150,0.22787794693045926,0.1853972567434079,0.6514148053649669,0.6050377377690033,0.2885383660468725,-0.7897665397240137,0.7232825754415242,252.0,4,1.1839112342257943
USD,SOXX,BREAKOUT_RSI,B63_RSI95,0.23403279699554813,0.12037032180442853,0.6658537544658418,0.48253909053330324,0.3318073828700556,-0.7053272744301821,0.5279318818738306,380.0,4,1.1784810708714375
USD,SOXX,BREAKOUT_RSI,B90_RSI95,0.2326300013355147,0.12233298321062924,0.6649578037311412,0.48782410660339925,0.32981852505767806,-0.7053272744301822,0.49012105138386775,356.0,4,1.1778988470449838
USD,SOXX,PULLBACK_RECLAIM,RSI10_R10_H10,0.16523435670402864,0.0676956108661999,0.6533297701518554,0.398818919376786,0.38257189308484335,-0.552052787157012,0.17917585527369234,161.0,4,1.1694541985139952
USD,SOXX,BREAKOUT_RSI,B20_RSI85,0.19470887301263062,0.1111442064310022,0.6590230199917445,0.4942559548820152,0.31881586456365124,-0.6113287570799254,0.3097882770129328,767.0,4,1.1569749764914008
USD,SMH,BREAKOUT_RSI,B20_RSI85,0.20281968559571506,0.08676294350643055,0.6491157918484456,0.41757752000360754,0.35673946362066666,-0.6271232482487921,0.3307678859031957,807.0,4,1.1536311072232295
USD,SOXX,MA_REGIME,MA100_EXIT160,0.21569237828720356,0.18257363137603577,0.6422424772414173,0.5832190692300155,0.26642909555470556,-0.8095676556576221,0.7285474030037546,258.0,4,1.1457631557916446
USD,SMH,BREAKOUT_RSI,B90_RSI90,0.2102648083332208,0.06925833291550476,0.6548882799983404,0.3677318329934171,0.35952269266005943,-0.6745727084244185,0.33499122166597134,533.0,4,1.1409730973645065
USD,SOXX,BREAKOUT_RSI,B50_RSI92,0.2121588194989501,0.09175317985092013,0.6424966118568396,0.42326041028533057,0.34347156746134233,-0.6609825248280279,0.42205249832345904,512.0,4,1.1376598718149746
USD,SOXX,BREAKOUT_RSI,B90_RSI92,0.19991234648384593,0.09321294585534146,0.62739091879681,0.4299012840782848,0.3356189150415831,-0.6105334468114378,0.38303530803170127,456.0,4,1.1170916277856349
USD,SOXX,PULLBACK_RECLAIM,RSI15_R20_H20,0.16585188299160147,0.10065660148928823,0.6002742233261869,0.4699897213202003,0.33396262371754204,-0.5435142681081904,0.32431150844294926,145.0,4,1.102062578118423
USD,SOXX,BREAKOUT_RSI,B126_RSI95,0.20627301875372772,0.12091763374062547,0.6245893040118021,0.48601776126068774,0.2924500813049815,-0.7053272744301822,0.48514691688327083,350.0,4,1.0990026425022683
USD,SOXX,MHT,MHT4_1,0.21001860631329383,0.15203183423952527,0.6286980075679344,0.5513180750984185,0.2536886947167877,-0.8278595407956743,0.7551800862188847,129.0,4,1.0962321381790894
USD,SOXX,BREAKOUT_RSI,B40_RSI90,0.1946601421519185,0.0664899503490124,0.6224957915565839,0.3603660193987488,0.30906561256820647,-0.6645299883588471,0.3766491450340582,579.0,4,1.0548978841489838
USD,SOXX,BREAKOUT_RSI,B40_RSI85,0.17893345879424016,0.06848350965530825,0.6265831786970205,0.37022120558031174,0.2930098156609891,-0.6113287570799255,0.28137602558753994,682.0,4,1.0463900505807417
USD,SMH,BREAKOUT_RSI,B40_RSI85,0.18509711186148214,0.051994428774286616,0.6101701703529483,0.3193420264770197,0.32692240728387517,-0.647062786134146,0.3005449520233625,717.0,4,1.0429252986432218
USD,SOXX,BREAKOUT_RSI,B126_RSI92,0.17682567204246402,0.09191846379697477,0.5907036994859642,0.42825257691320373,0.29454462209649823,-0.6203290974231174,0.37527232890959045,449.0,4,1.0382706977092508
USD,SOXX,BREAKOUT_RSI,B63_RSI92,0.16918252757186336,0.10394000491915767,0.5683828846836954,0.45569332347240965,0.2907551518136236,-0.6105334468114378,0.403143177389923,488.0,4,1.0250313698250002
USD,SOXX,PULLBACK_RECLAIM,RSI10_R20_H20,0.1540006711859243,0.04992103393555025,0.6115233373579796,0.3178878516986611,0.300068663954826,-0.6533175362279912,0.2645838452794473,120.0,4,1.016024481205246
USD,SMH,PULLBACK_RECLAIM,RSI10_R20_H20,0.14798941523601783,0.05265754223387442,0.5987272310494116,0.3313292753644387,0.295239777184902,-0.5505352400250659,0.23253139451743365,105.0,4,1.0031280981923605
USD,SOXX,BREAKOUT_RSI,B50_RSI90,0.17479993796599114,0.06612474142911573,0.5878909335592561,0.3595167760266185,0.27579924082251445,-0.6761315760887762,0.3560641120422171,552.0,4,0.9866317391029832
USD,SMH,BREAKOUT_RSI,B63_RSI85,0.15942399160820886,0.04797386510931845,0.5643106167705325,0.3070513599656109,0.2826236646006488,-0.6271232482487922,0.27046633726531777,661.0,4,0.9476840539172433
USD,SMH,BREAKOUT_RSI,B50_RSI85,0.16379033994254655,0.027757955566223513,0.5667947246306414,0.24779384114814607,0.28602651117842043,-0.7171229710095396,0.2914950111250174,699.0,4,0.9286486738792101
USD,SOXX,BREAKOUT_RSI,B90_RSI90,0.15289428109572656,0.054741484910655336,0.5489458114966518,0.32738928884336793,0.2388536437027602,-0.712409525848856,0.3165544479165854,496.0,4,0.8970175198655816
USD,SMH,MHT,MHT4_3,0.1499872802489941,0.0976734831272077,0.5360705595240267,0.4337684620663247,0.20336871652820482,-0.7375140228521463,0.6868243698504827,372.0,4,0.8967181331324166
USD,SOXX,BREAKOUT_RSI,B50_RSI85,0.1399408376625474,0.06589031136710655,0.5425336463339174,0.36426808320123066,0.22913409694172404,-0.6113287570799254,0.2603210610485329,647.0,4,0.8956799197595025
USD,SOXX,BREAKOUT_RSI,B126_RSI90,0.147908960350275,0.0574335973593223,0.5380501622285083,0.3352770301078243,0.23019933573667534,-0.7306743486346494,0.30578204492019984,487.0,4,0.8807855541718009
USD,SOXX,BREAKOUT_RSI,B63_RSI90,0.1467676103698431,0.061793674370444585,0.5346018854554804,0.34799435149917796,0.22698165422393998,-0.7124095258488559,0.337301465386526,528.0,4,0.8794789647394372
USD,SMH,BREAKOUT_RSI,B90_RSI85,0.12887596417648262,0.03309584902480278,0.5002237375936355,0.2615851568973461,0.22936808723210733,-0.6271232482487921,0.2764156141391879,639.0,4,0.8115360385624807
USD,SOXX,BREAKOUT_RSI,B63_RSI85,0.11963434936011463,0.06259472538842847,0.4940672962601889,0.3547824505414137,0.1958941120707709,-0.6113287570799255,0.24488509942984288,615.0,4,0.8099543836605274
USD,SMH,BREAKOUT_RSI,B126_RSI85,0.11891604462880334,0.04075886518195593,0.4833431642139381,0.28399337350027304,0.21160106411268392,-0.6271232482487921,0.2543000799610624,606.0,4,0.7863220042926683
USD,SOXX,BREAKOUT_RSI,B90_RSI85,0.09720452074486507,0.04899329263036423,0.4379636516006363,0.31086992621528864,0.15795605368582682,-0.6243633332822646,0.2290406410791267,582.0,4,0.6981338331554674
USD,SOXX,BREAKOUT_RSI,B126_RSI85,0.09679879802805591,0.04218000686195311,0.43724521157015406,0.28840289293750915,0.15731330679870004,-0.6241682259854855,0.22567054303991102,569.0,4,0.687749245034208
USD,SMH,PULLBACK_RECLAIM,RSI15_R20_H20,0.09026724751359538,-0.00397592122209367,0.41477003842095095,0.15275646766079476,0.14855329537751336,-0.801605009819997,0.3463176704944926,149.0,4,0.5995244901026162
USD,SMH,PULLBACK_RECLAIM,RSI15_R20_H10,0.052214183240584466,0.004834575998562185,0.3273619192772383,0.14520445126586579,0.08990868966484279,-0.7013289184363345,0.20924504595995105,181.0,4,0.45598900975782863
