selection,product,signal,family,strategy,window,start,end,total_return,end_value,cagr,ann_vol,sharpe,max_drawdown,calmar,exposure,trades,entry_ma,exit_ma,breakout,exit_rsi,rsi_low,reclaim,hold,entry_score,exit_score
ROBUST_OVERALL,USD,SMH,PULLBACK_RECLAIM,RSI5_R10_H40,1Y,2025-07-21,2026-07-20,1.4594647248882704,24594.647248882702,1.4682987989098173,0.3583503693418185,2.703376324104494,-0.17486789989642404,8.396617102278377,0.3346613545816733,3.0,,,,,5.0,10.0,40.0,,
ROBUST_OVERALL,USD,SMH,PULLBACK_RECLAIM,RSI5_R10_H40,3Y,2023-07-20,2026-07-20,14.241258711386182,152412.5871138618,1.491367719478006,0.36025052281519,2.7163932191855698,-0.19795191924941313,7.5339896937242115,0.3191489361702128,6.0,,,,,5.0,10.0,40.0,,
ROBUST_OVERALL,USD,SMH,PULLBACK_RECLAIM,RSI5_R10_H40,5Y,2021-07-20,2026-07-20,38.812992112204356,398129.92112204357,1.0954624544328029,0.3331971665460986,2.38631045010165,-0.19795191924941313,5.533982487194554,0.28286852589641437,9.0,,,,,5.0,10.0,40.0,,
ROBUST_OVERALL,USD,SMH,PULLBACK_RECLAIM,RSI5_R10_H40,10Y,2016-07-20,2026-07-20,90.44356473121054,914435.6473121054,0.5727568920011319,0.3019774810498447,1.6501966959049332,-0.25485309777918996,2.2474001571579105,0.29446876243533626,19.0,,,,,5.0,10.0,40.0,,
ROBUST_OVERALL,USD,SMH,PULLBACK_RECLAIM,RSI5_R10_H40,MAX,2007-02-01,2026-07-20,181.72250113943298,1827225.0113943298,0.3074219330158461,0.26170783649067464,1.1545941737441627,-0.3639715833284156,0.8446316885635983,0.2696078431372549,33.0,,,,,5.0,10.0,40.0,,
BEST_MA_REGIME,USD,SMH,MA_REGIME,MA63_EXIT250,1Y,2025-07-21,2026-07-20,1.1383748228258765,21383.748228258766,1.144859789611124,0.7111739686040544,1.4323746126599728,-0.30921443293739437,3.7024784992585387,1.0,0.5,63.0,250.0,,,,,,,
BEST_MA_REGIME,USD,SMH,MA_REGIME,MA63_EXIT250,3Y,2023-07-20,2026-07-20,7.194765873314877,81947.65873314877,1.0236338204623547,0.7110357385323652,1.353980744543506,-0.5482123827747791,1.8672212679349345,0.9175531914893617,5.5,63.0,250.0,,,,,,,
BEST_MA_REGIME,USD,SMH,MA_REGIME,MA63_EXIT250,5Y,2021-07-20,2026-07-20,18.63903432614115,196390.3432614115,0.8182533669485321,0.638122915947257,1.2598730081755058,-0.5482123827747791,1.4925846125673767,0.7880478087649403,42.5,63.0,250.0,,,,,,,
BEST_MA_REGIME,USD,SMH,MA_REGIME,MA63_EXIT250,10Y,2016-07-20,2026-07-20,142.78953370619936,1437895.3370619935,0.645787523885333,0.568722604837733,1.1633981760967198,-0.5482123827747792,1.177987845908691,0.8416235575009948,54.5,63.0,250.0,,,,,,,
BEST_MA_REGIME,USD,SMH,MA_REGIME,MA63_EXIT250,MAX,2007-02-01,2026-07-20,326.4165191807669,3274165.191807669,0.3472671067178048,0.47788263244281876,0.8644301795616112,-0.5482123827747789,0.6334535986949276,0.7679738562091504,201.5,63.0,250.0,,,,,,,
BEST_BREAKOUT,USD,SMH,BREAKOUT_RSI,B20_RSI92,1Y,2025-07-21,2026-07-20,0.6565447461992564,16565.447461992564,0.6598792307129822,0.49918081048254864,1.2673006878088486,-0.2876447318079661,2.294077233973201,0.5338645418326693,22.5,,,20.0,92.0,,,,,
BEST_BREAKOUT,USD,SMH,BREAKOUT_RSI,B20_RSI92,3Y,2023-07-20,2026-07-20,3.3337923106925764,43337.923106925766,0.6346266067966304,0.49590457937878446,1.2419663945420742,-0.5385324778466707,1.1784370170842684,0.44813829787234044,57.5,,,20.0,92.0,,,,,
BEST_BREAKOUT,USD,SMH,BREAKOUT_RSI,B20_RSI92,5Y,2021-07-20,2026-07-20,8.656672006878326,96566.72006878325,0.5767041808730933,0.45584133936293203,1.2273288416438817,-0.5385324778466708,1.0708809674377533,0.399203187250996,76.5,,,20.0,92.0,,,,,
BEST_BREAKOUT,USD,SMH,BREAKOUT_RSI,B20_RSI92,10Y,2016-07-20,2026-07-20,16.747801877835066,177478.01877835067,0.3343274126305018,0.45317826113786547,0.863516826697798,-0.6121712726422448,0.5461337824420978,0.5049741345005969,177.5,,,20.0,92.0,,,,,
BEST_BREAKOUT,USD,SMH,BREAKOUT_RSI,B20_RSI92,MAX,2007-02-01,2026-07-20,11.781958561279035,127819.58561279035,0.14013747164721657,0.3890334891615273,0.531970042827093,-0.6140848500065845,0.2282053883037726,0.46548202614379086,301.5,,,20.0,92.0,,,,,
BEST_MHT,USD,SOXX,MHT,MHT6_3,1Y,2025-07-21,2026-07-20,1.0076077074596856,20076.077074596855,1.0131899151206087,0.6359619322707809,1.4215821352418978,-0.29119487130679234,3.4794222527811924,0.8565737051792829,3.0,,,,,,,,6.0,3.0
BEST_MHT,USD,SOXX,MHT,MHT6_3,3Y,2023-07-20,2026-07-20,3.9405180084034033,49405.18008403403,0.707998907701787,0.4983754672196474,1.3256714731566839,-0.43410390061420423,1.630943437043654,0.5531914893617021,9.0,,,,,,,,6.0,3.0
BEST_MHT,USD,SOXX,MHT,MHT6_3,5Y,2021-07-20,2026-07-20,8.073881577922018,90738.81577922018,0.5571189969945232,0.47025118912147834,1.1771054908556131,-0.434103900614204,1.2833770813997936,0.50199203187251,15.0,,,,,,,,6.0,3.0
BEST_MHT,USD,SOXX,MHT,MHT6_3,10Y,2016-07-20,2026-07-20,15.627125366635138,166271.25366635137,0.3256283324707687,0.4315921352368761,0.8699900509064352,-0.512712280772833,0.6351092897169057,0.584958217270195,39.0,,,,,,,,6.0,3.0
BEST_MHT,USD,SOXX,MHT,MHT6_3,MAX,2007-02-01,2026-07-20,19.34375120562489,203437.5120562489,0.16773881211809583,0.36073491610860875,0.6110685519022022,-0.5127122807728327,0.3271597315072229,0.5073529411764706,76.0,,,,,,,,6.0,3.0
ROBUST_OVERALL,SOXL,SMH,PULLBACK_RECLAIM,RSI5_R10_H40,1Y,2025-07-21,2026-07-20,5.624037235239629,66240.37235239628,5.6741224516424476,0.7072856469332686,3.0395892328148295,-0.2711647690173763,20.924998745979604,0.3346613545816733,3.0,,,,,5.0,10.0,40.0,,
ROBUST_OVERALL,SOXL,SMH,PULLBACK_RECLAIM,RSI5_R10_H40,3Y,2023-07-20,2026-07-20,31.545093165061644,325450.93165061646,2.2125030718322733,0.5531938524419605,2.38578010361282,-0.2711647690173763,8.159257118281822,0.3191489361702128,6.0,,,,,5.0,10.0,40.0,,
ROBUST_OVERALL,SOXL,SMH,PULLBACK_RECLAIM,RSI5_R10_H40,5Y,2021-07-20,2026-07-20,92.2038157687131,932038.157687131,1.4857417598963423,0.4895128525597817,2.102516327284452,-0.2711647690173763,5.479110598623288,0.28286852589641437,9.0,,,,,5.0,10.0,40.0,,
ROBUST_OVERALL,SOXL,SMH,PULLBACK_RECLAIM,RSI5_R10_H40,10Y,2016-07-20,2026-07-20,416.0529504354336,4170529.5043543363,0.8312556518225451,0.4468217173905845,1.5768252033929981,-0.3766629307135796,2.2068953009199754,0.29446876243533626,19.0,,,,,5.0,10.0,40.0,,
ROBUST_OVERALL,SOXL,SMH,PULLBACK_RECLAIM,RSI5_R10_H40,MAX,2010-03-11,2026-07-20,438.35925274483395,4393592.527448339,0.4517236543754999,0.4143406265196575,1.1060618629241703,-0.5368918963278162,0.841367987606365,0.2819640252795333,29.0,,,,,5.0,10.0,40.0,,
BEST_MA_REGIME,SOXL,SMH,MA_REGIME,MA63_EXIT250,1Y,2025-07-21,2026-07-20,4.656214791163032,56562.14791163032,4.695397028072951,1.2555705734973974,2.0198914811164177,-0.5832052419746299,8.051019932837308,1.0,0.5,63.0,250.0,,,,,,,
BEST_MA_REGIME,SOXL,SMH,MA_REGIME,MA63_EXIT250,3Y,2023-07-20,2026-07-20,7.995234081603369,89952.3408160337,1.08783256847439,1.0188232449878918,1.2390946463727615,-0.6640480121179304,1.638183608147295,0.9175531914893617,5.5,63.0,250.0,,,,,,,
BEST_MA_REGIME,SOXL,SMH,MA_REGIME,MA63_EXIT250,5Y,2021-07-20,2026-07-20,18.023469718910754,190234.69718910754,0.806663625029864,0.9062627245432233,1.1094195918544978,-0.6640480121179305,1.214767020319919,0.7880478087649403,42.5,63.0,250.0,,,,,,,
BEST_MA_REGIME,SOXL,SMH,MA_REGIME,MA63_EXIT250,10Y,2016-07-20,2026-07-20,386.20454477566693,3872045.4477566695,0.8176694977300021,0.8228903570641098,1.1418577767499491,-0.6640480121179305,1.2313409313915533,0.8416235575009948,54.5,63.0,250.0,,,,,,,
BEST_MA_REGIME,SOXL,SMH,MA_REGIME,MA63_EXIT250,MAX,2010-03-11,2026-07-20,608.4784709791214,6094784.709791214,0.481121024155319,0.7264509359176078,0.9071890434762779,-0.7298857520484179,0.6591730593521755,0.8118619348565873,116.5,63.0,250.0,,,,,,,
BEST_BREAKOUT,SOXL,SMH,BREAKOUT_RSI,B20_RSI92,1Y,2025-07-21,2026-07-20,2.106833573395866,31068.33573395866,2.120896857310629,0.9584241481883039,1.6697225412001282,-0.5832052419746299,3.636621732221828,0.5338645418326693,22.5,,,20.0,92.0,,,,,
BEST_BREAKOUT,SOXL,SMH,BREAKOUT_RSI,B20_RSI92,3Y,2023-07-20,2026-07-20,2.455386637876246,34553.86637876246,0.5151431421237767,0.7556790164545873,0.9332330692792147,-0.6647578737142837,0.7749334945751808,0.44813829787234044,57.5,,,20.0,92.0,,,,,
BEST_BREAKOUT,SOXL,SMH,BREAKOUT_RSI,B20_RSI92,5Y,2021-07-20,2026-07-20,7.331304233715642,83313.04233715642,0.530651194071305,0.6775500224289785,0.9687342766566521,-0.6647578737142839,0.7982623674787513,0.399203187250996,76.5,,,20.0,92.0,,,,,
BEST_BREAKOUT,SOXL,SMH,BREAKOUT_RSI,B20_RSI92,10Y,2016-07-20,2026-07-20,17.0674979818388,180674.979818388,0.33671835745068246,0.6775324124859683,0.7703661836362858,-0.8492342891217719,0.39649642244061617,0.5049741345005969,177.5,,,20.0,92.0,,,,,
BEST_BREAKOUT,SOXL,SMH,BREAKOUT_RSI,B20_RSI92,MAX,2010-03-11,2026-07-20,16.569526778865626,175695.26778865626,0.19191929112874084,0.6195719990384477,0.5956190328870458,-0.8492342891217717,0.2259909822143575,0.4931939718035975,275.5,,,20.0,92.0,,,,,
BEST_MHT,SOXL,SOXX,MHT,MHT6_3,1Y,2025-07-21,2026-07-20,3.2354688228415274,42354.688228415274,3.259897062059922,1.1253617828640934,1.8540117123062645,-0.49779603844606934,6.548660114363477,0.8565737051792829,3.0,,,,,,,,6.0,3.0
BEST_MHT,SOXL,SOXX,MHT,MHT6_3,3Y,2023-07-20,2026-07-20,7.197325720251131,81973.2572025113,1.023845630716644,0.7769412895036958,1.2968957031486654,-0.5235697565164235,1.9555094960580055,0.5531914893617021,9.0,,,,,,,,6.0,3.0
BEST_MHT,SOXL,SOXX,MHT,MHT6_3,5Y,2021-07-20,2026-07-20,10.618727721522175,116187.27721522175,0.6363659982952128,0.7035138182691998,1.0512885146162925,-0.5235697565164235,1.215436893317292,0.50199203187251,15.0,,,,,,,,6.0,3.0
BEST_MHT,SOXL,SOXX,MHT,MHT6_3,10Y,2016-07-20,2026-07-20,37.92486913293978,389248.69132939784,0.4436625025387717,0.6436218194045458,0.8941559146648711,-0.6038102063369603,0.7347714528216883,0.584958217270195,39.0,,,,,,,,6.0,3.0
BEST_MHT,SOXL,SOXX,MHT,MHT6_3,MAX,2010-03-11,2026-07-20,76.83907386145772,778390.7386145772,0.3057014950592387,0.5583332589480207,0.7586096849039715,-0.6038102063369604,0.5062873927120072,0.5342732134175985,62.0,,,,,,,,6.0,3.0
BUY_HOLD,USD,USD,BUY_HOLD,BUY_HOLD,1Y,2025-07-21,2026-07-20,1.1383748228258765,21383.748228258766,1.144859789611124,0.7111739686040544,1.4323746126599728,-0.30921443293739437,3.7024784992585387,1.0,0.5,,,,,,,,,
BUY_HOLD,USD,USD,BUY_HOLD,BUY_HOLD,3Y,2023-07-20,2026-07-20,6.873641873756666,78736.41873756667,0.9967062762483989,0.8099975898197408,1.2635134981648808,-0.6903629537797378,1.443742412294042,1.0,0.5,,,,,,,,,
BUY_HOLD,USD,USD,BUY_HOLD,BUY_HOLD,5Y,2021-07-20,2026-07-20,10.296035053842989,112960.35053842989,0.6271372638129935,0.7944716529785778,1.0120645721147277,-0.7894829626430602,0.7943645315833545,1.0,0.5,,,,,,,,,
BUY_HOLD,USD,USD,BUY_HOLD,BUY_HOLD,10Y,2016-07-20,2026-07-20,88.75390175596071,897539.0175596072,0.5698181995004283,0.6935702696182189,0.9988368734959795,-0.7894829626430604,0.7217612367374843,1.0,0.5,,,,,,,,,
BUY_HOLD,USD,USD,BUY_HOLD,BUY_HOLD,MAX,2007-02-01,2026-07-20,138.93272692716752,1399327.2692716753,0.28959021310588917,0.6331954124386162,0.7195059318860334,-0.8853842025705356,0.3270785860704562,1.0,0.5,,,,,,,,,
BUY_HOLD,SOXL,SOXL,BUY_HOLD,BUY_HOLD,1Y,2025-07-21,2026-07-20,4.656214791163032,56562.14791163032,4.695397028072951,1.2555705734973974,2.0198914811164177,-0.5832052419746299,8.051019932837308,1.0,0.5,,,,,,,,,
BUY_HOLD,SOXL,SOXL,BUY_HOLD,BUY_HOLD,3Y,2023-07-20,2026-07-20,5.1565274394089755,61565.274394089756,0.8387025205233065,1.1231817825900774,1.1109043999798245,-0.886575211645948,0.946002673553477,1.0,0.5,,,,,,,,,
BUY_HOLD,SOXL,SOXL,BUY_HOLD,BUY_HOLD,5Y,2021-07-20,2026-07-20,3.313292905042368,43132.92905042368,0.3411199225323591,1.1153489479819922,0.8238080646741993,-0.9129141124900403,0.37366047678015346,1.0,0.5,,,,,,,,,
BUY_HOLD,SOXL,SOXL,BUY_HOLD,BUY_HOLD,10Y,2016-07-20,2026-07-20,76.44279119933906,774427.9119933905,0.5467647932314945,0.9941040894587282,0.9401224322623973,-0.9129141124900405,0.5989224898059176,1.0,0.5,,,,,,,,,
BUY_HOLD,SOXL,SOXL,BUY_HOLD,BUY_HOLD,MAX,2010-03-11,2026-07-20,265.36672456276006,2663667.2456276007,0.40789726611824006,0.8977985272484114,0.8331114715676929,-0.9129141124900404,0.44680793136790303,1.0,0.5,,,,,,,,,
